{
  "@context": [
    "https://w3id.org/ro/crate/1.1/context"
  ],
  "@graph": [
    {
      "@id": "ro-crate-metadata.json",
      "@type": "CreativeWork",
      "about": {
        "@id": "https://training.galaxyproject.org/training-material/topics/single-cell/tutorials/bulk-music-4-compare/workflows/compare.html"
      },
      "conformsTo": {
        "@id": "https://w3id.org/ro/crate/1.1"
      }
    },
    {
      "@id": "https://training.galaxyproject.org/training-material/topics/single-cell/tutorials/bulk-music-4-compare/workflows/compare.html",
      "@type": "Dataset",
      "name": "MuSiC-Deconvolution: Compare",
      "description": "This workflow runs 3 comparisons using MuSiC Deconvolution compare: where datasets cell compositions are inferred from a reference containing healthy and diseased cells; where diseased are inferred from disease and healthy from healthy; and where both diseased and healthy are inferred from a healthy reference.\n\n## Associated Tutorial\n\nThis workflows is part of the tutorial [Comparing inferred cell compositions using MuSiC deconvolution](https://training.galaxyproject.org/training-material/topics/single-cell/tutorials/bulk-music-4-compare/tutorial.html), available in the [GTN](https://training.galaxyproject.org)\n\n\n\n\n\n## Thanks to...\n\n**Workflow Author(s)**: Wendi Bacon, Mehmet Tekman\n\n**Tutorial Author(s)**: [Wendi Bacon](https://training.galaxyproject.org/training-material/hall-of-fame/nomadscientist/), [Mehmet Tekman](https://training.galaxyproject.org/training-material/hall-of-fame/mtekman/)\n\n**Tutorial Contributor(s)**: [Marisa Loach](https://training.galaxyproject.org/training-material/hall-of-fame/MarisaJL/)\n\n[![gtn star logo followed by the word workflows](https://training.galaxyproject.org/training-material/assets/branding/gtn-workflows.png)](https://training.galaxyproject.org/training-material/)",
      "version": "1.0",
      "license": "https://spdx.org/licenses/CC-BY-4.0",
      "datePublished": "2024-08-01T08:57:15.492+00:00",
      "mainEntity": {
        "@id": "compare.ga"
      },
      "hasPart": [
        {
          "@id": "compare.ga"
        },
        {
          "@id": "graph.png"
        }
      ]
    },
    {
      "@id": "compare.ga",
      "@type": [
        "File",
        "SoftwareSourceCode",
        "ComputationalWorkflow"
      ],
      "author": [
        {
          "@id": "https://orcid.org/0000-0002-8170-8806"
        },
        {
          "@id": "https://orcid.org/0000-0002-4181-2676"
        }
      ],
      "name": "MuSiC-Deconvolution: Compare",
      "programmingLanguage": {
        "@id": "https://w3id.org/workflowhub/workflow-ro-crate#galaxy"
      },
      "image": {
        "@id": "graph.png"
      }
    },
    {
      "@id": "graph.png",
      "@type": [
        "File",
        "ImageObject",
        "WorkflowSketch"
      ],
      "contentSize": 0
    },
    {
      "@id": "https://w3id.org/workflowhub/workflow-ro-crate#galaxy",
      "@type": "ComputerLanguage",
      "identifier": {
        "@id": "https://galaxyproject.org/"
      },
      "name": "Galaxy",
      "url": {
        "@id": "https://galaxyproject.org/"
      },
      "version": "23.1"
    },
    {
      "@id": "https://orcid.org/0000-0002-8170-8806",
      "@type": "Person",
      "name": "Wendi Bacon"
    },
    {
      "@id": "https://orcid.org/0000-0002-4181-2676",
      "@type": "Person",
      "name": "Mehmet Tekman"
    }
  ]
}