{
  "@context": "https://w3id.org/ro/crate/1.1/context",
  "@graph": [
    {
      "@id": "ro-crate-metadata.json",
      "@type": "CreativeWork",
      "about": {
        "@id": "./"
      },
      "conformsTo": [
        {
          "@id": "https://w3id.org/ro/crate/1.1"
        },
        {
          "@id": "https://about.workflowhub.eu/Workflow-RO-Crate/"
        }
      ]
    },
    {
      "@id": "./",
      "@type": "Dataset",
      "datePublished": "2024-05-29T10:13:18.176+00:00",
      "mainEntity": {
        "@id": "main_workflow.ga"
      }
    },
    {
      "@id": "main_workflow.ga",
      "@type": [
        "File",
        "SoftwareSourceCode",
        "ComputationalWorkflow"
      ],
      "author": [
        {
          "@id": "#66d2f32c-3f83-4fa9-9925-42cb8997fd3d"
        },
        {
          "@id": "#9e505d0e-5a2a-4227-a367-d3f1dd261810"
        },
        {
          "@id": "#abd85d87-dd11-4987-8570-183bc049c07d"
        },
        {
          "@id": "#dc29b887-7774-4b4d-a795-913d7d21d52b"
        },
        {
          "@id": "#5c624638-01fd-42db-bc83-a9ebeaca3f3a"
        }
      ],
      "license": {
        "@id": "https://spdx.org/licenses/GPL-3.0-or-later"
      },
      "name": "Genome Assembly Quality Control",
      "version": 1,
      "programmingLanguage": {
        "@id": "https://w3id.org/workflowhub/workflow-ro-crate#galaxy"
      }
    },
    {
      "@id": "https://spdx.org/licenses/GPL-3.0-or-later",
      "@type": "CreativeWork",
      "name": "GPL-3.0-or-later"
    },
    {
      "@id": "https://w3id.org/workflowhub/workflow-ro-crate#galaxy",
      "@type": "ComputerLanguage",
      "identifier": {
        "@id": "https://galaxyproject.org/"
      },
      "name": "Galaxy",
      "url": {
        "@id": "https://galaxyproject.org/"
      },
      "version": "23.1"
    },
    {
      "@id": "#66d2f32c-3f83-4fa9-9925-42cb8997fd3d",
      "@type": "Person",
      "name": "Erwan Corre"
    },
    {
      "@id": "#9e505d0e-5a2a-4227-a367-d3f1dd261810",
      "@type": "Person",
      "name": "Stéphanie Robin"
    },
    {
      "@id": "#abd85d87-dd11-4987-8570-183bc049c07d",
      "@type": "Person",
      "name": "Anthony Bretaudeau"
    },
    {
      "@id": "#dc29b887-7774-4b4d-a795-913d7d21d52b",
      "@type": "Person",
      "name": "Alexandre Cormier"
    },
    {
      "@id": "#5c624638-01fd-42db-bc83-a9ebeaca3f3a",
      "@type": "Person",
      "name": "Laura Leroi"
    }
  ]
}