{
  "@context": [
    "https://w3id.org/ro/crate/1.1/context"
  ],
  "@graph": [
    {
      "@id": "ro-crate-metadata.json",
      "@type": "CreativeWork",
      "about": {
        "@id": "https://training.galaxyproject.org/training-material/topics/assembly/tutorials/flye-assembly/workflows/main_workflow.html"
      },
      "conformsTo": {
        "@id": "https://w3id.org/ro/crate/1.1"
      }
    },
    {
      "@id": "https://training.galaxyproject.org/training-material/topics/assembly/tutorials/flye-assembly/workflows/main_workflow.html",
      "@type": "Dataset",
      "name": "Genome Assembly using PacBio data",
      "description": "Genome Assembly using PacBio data and Flye assembler\n\n## Associated Tutorial\n\nThis workflows is part of the tutorial [Genome Assembly using PacBio data](https://training.galaxyproject.org/training-material/topics/assembly/tutorials/flye-assembly/tutorial.html), available in the [GTN](https://training.galaxyproject.org)\n\n\n\n\n\n## Thanks to...\n\n**Tutorial Author(s)**: [Anthony Bretaudeau](https://training.galaxyproject.org/training-material/hall-of-fame/abretaud/), [Alexandre Cormier](https://training.galaxyproject.org/training-material/hall-of-fame/alexcorm/), [Erwan Corre](https://training.galaxyproject.org/training-material/hall-of-fame/r1corre/), [Laura Leroi](https://training.galaxyproject.org/training-material/hall-of-fame/lleroi/), [Stéphanie Robin](https://training.galaxyproject.org/training-material/hall-of-fame/stephanierobin/), [Gallantries: Bridging Training Communities in Life Science, Environment and Health](https://training.galaxyproject.org/training-material/hall-of-fame/gallantries/)\n\n**Workflow Author(s)**: Erwan Corre, Stéphanie Robin, Anthony Bretaudeau, Alexandre Cormier\n\n[![gtn star logo followed by the word workflows](http://galaxy-training.s3-website.us-east-1.amazonaws.com/misc/gtn-workflows.png)](https://training.galaxyproject.org/training-material/)",
      "version": "4.0",
      "license": "https://spdx.org/licenses/GPL-3.0-or-later",
      "datePublished": "2024-07-15T14:30:40.622+00:00",
      "mainEntity": {
        "@id": "main-workflow.ga"
      },
      "hasPart": [
        {
          "@id": "main-workflow.ga"
        },
        {
          "@id": "graph.png"
        }
      ]
    },
    {
      "@id": "main-workflow.ga",
      "@type": [
        "File",
        "SoftwareSourceCode",
        "ComputationalWorkflow"
      ],
      "author": [
        {
          "@id": "#944e534f-22f1-40e3-9348-6b87db74dad2"
        },
        {
          "@id": "#ac4d1136-d945-4a51-8d1f-1914f7e61836"
        },
        {
          "@id": "#c5eb6b3b-29ac-430b-9be9-667018db54b3"
        },
        {
          "@id": "#0ad3bcaf-b441-4402-93ed-4c709a94ad76"
        }
      ],
      "name": "Genome Assembly using PacBio data",
      "programmingLanguage": {
        "@id": "https://w3id.org/workflowhub/workflow-ro-crate#galaxy"
      },
      "image": {
        "@id": "graph.png"
      }
    },
    {
      "@id": "graph.png",
      "@type": [
        "File",
        "ImageObject",
        "WorkflowSketch"
      ],
      "contentSize": 0
    },
    {
      "@id": "https://w3id.org/workflowhub/workflow-ro-crate#galaxy",
      "@type": "ComputerLanguage",
      "identifier": {
        "@id": "https://galaxyproject.org/"
      },
      "name": "Galaxy",
      "url": {
        "@id": "https://galaxyproject.org/"
      },
      "version": "23.1"
    },
    {
      "@id": "#944e534f-22f1-40e3-9348-6b87db74dad2",
      "@type": "Person",
      "name": "Erwan Corre"
    },
    {
      "@id": "#ac4d1136-d945-4a51-8d1f-1914f7e61836",
      "@type": "Person",
      "name": "Stéphanie Robin"
    },
    {
      "@id": "#c5eb6b3b-29ac-430b-9be9-667018db54b3",
      "@type": "Person",
      "name": "Anthony Bretaudeau"
    },
    {
      "@id": "#0ad3bcaf-b441-4402-93ed-4c709a94ad76",
      "@type": "Person",
      "name": "Alexandre Cormier"
    }
  ]
}