{
  "@context": [
    "https://w3id.org/ro/crate/1.1/context"
  ],
  "@graph": [
    {
      "@id": "ro-crate-metadata.json",
      "@type": "CreativeWork",
      "about": {
        "@id": "https://training.galaxyproject.org/training-material/topics/assembly/tutorials/flye-assembly/workflows/main_workflow.html"
      },
      "conformsTo": {
        "@id": "https://w3id.org/ro/crate/1.1"
      }
    },
    {
      "@id": "https://training.galaxyproject.org/training-material/topics/assembly/tutorials/flye-assembly/workflows/main_workflow.html",
      "@type": "Dataset",
      "name": "Genome Assembly using PacBio data",
      "description": "Genome Assembly using PacBio data and Flye assembler\n\n## Associated Tutorial\n\nThis workflows is part of the tutorial [Genome assembly using PacBio data](https://training.galaxyproject.org/training-material/topics/assembly/tutorials/flye-assembly/tutorial.html), available in the [GTN](https://training.galaxyproject.org)\n\n\n\n\n\n## Thanks to...\n\n**Workflow Author(s)**: Erwan Corre, Stéphanie Robin, Anthony Bretaudeau, Alexandre Cormier\n\n**Tutorial Author(s)**: [Anthony Bretaudeau](https://training.galaxyproject.org/training-material/hall-of-fame/abretaud/), [Alexandre Cormier](https://training.galaxyproject.org/training-material/hall-of-fame/alexcorm/), [Erwan Corre](https://training.galaxyproject.org/training-material/hall-of-fame/r1corre/), [Laura Leroi](https://training.galaxyproject.org/training-material/hall-of-fame/lleroi/), [Stéphanie Robin](https://training.galaxyproject.org/training-material/hall-of-fame/stephanierobin/)\n\n**Grants(s)**: [Gallantries: Bridging Training Communities in Life Science, Environment and Health](https://training.galaxyproject.org/training-material/hall-of-fame/gallantries/)\n\n[![gtn star logo followed by the word workflows](https://training.galaxyproject.org/training-material/assets/branding/gtn-workflows.png)](https://training.galaxyproject.org/training-material/)",
      "version": "1.0",
      "license": "https://spdx.org/licenses/GPL-3.0-or-later",
      "datePublished": "2024-11-14T00:06:43.719+00:00",
      "mainEntity": {
        "@id": "main-workflow.ga"
      },
      "hasPart": [
        {
          "@id": "main-workflow.ga"
        },
        {
          "@id": "graph.png"
        }
      ]
    },
    {
      "@id": "main-workflow.ga",
      "@type": [
        "File",
        "SoftwareSourceCode",
        "ComputationalWorkflow"
      ],
      "author": [
        {
          "@id": "#6d50ff46-7efe-4c19-bf70-49327d595b1a"
        },
        {
          "@id": "#b81456fb-db1b-415d-ab62-2c1a2c4c4194"
        },
        {
          "@id": "#8ed35853-92c7-44bb-9965-4c02dcac8994"
        },
        {
          "@id": "#213b7174-78ca-4acf-81c3-e1691849c4aa"
        }
      ],
      "name": "Genome Assembly using PacBio data",
      "programmingLanguage": {
        "@id": "https://w3id.org/workflowhub/workflow-ro-crate#galaxy"
      },
      "image": {
        "@id": "graph.png"
      }
    },
    {
      "@id": "graph.png",
      "@type": [
        "File",
        "ImageObject",
        "WorkflowSketch"
      ],
      "contentSize": 60852
    },
    {
      "@id": "https://w3id.org/workflowhub/workflow-ro-crate#galaxy",
      "@type": "ComputerLanguage",
      "identifier": {
        "@id": "https://galaxyproject.org/"
      },
      "name": "Galaxy",
      "url": {
        "@id": "https://galaxyproject.org/"
      },
      "version": "23.1"
    },
    {
      "@id": "#6d50ff46-7efe-4c19-bf70-49327d595b1a",
      "@type": "Person",
      "name": "Erwan Corre"
    },
    {
      "@id": "#b81456fb-db1b-415d-ab62-2c1a2c4c4194",
      "@type": "Person",
      "name": "Stéphanie Robin"
    },
    {
      "@id": "#8ed35853-92c7-44bb-9965-4c02dcac8994",
      "@type": "Person",
      "name": "Anthony Bretaudeau"
    },
    {
      "@id": "#213b7174-78ca-4acf-81c3-e1691849c4aa",
      "@type": "Person",
      "name": "Alexandre Cormier"
    }
  ]
}