{
  "@context": "https://w3id.org/ro/crate/1.1/context",
  "@graph": [
    {
      "@id": "ro-crate-metadata.json",
      "@type": "CreativeWork",
      "about": {
        "@id": "./"
      },
      "conformsTo": [
        {
          "@id": "https://w3id.org/ro/crate/1.1"
        },
        {
          "@id": "https://about.workflowhub.eu/Workflow-RO-Crate/"
        }
      ]
    },
    {
      "@id": "./",
      "@type": "Dataset",
      "datePublished": "2024-03-18T09:10:49.720+00:00",
      "mainEntity": {
        "@id": "main_workflow.ga"
      }
    },
    {
      "@id": "main_workflow.ga",
      "@type": [
        "File",
        "SoftwareSourceCode",
        "ComputationalWorkflow"
      ],
      "author": [
        {
          "@id": "#c72e5c15-996f-41b7-b5d4-0eaa3ac76b74"
        },
        {
          "@id": "#21a6bd1f-8565-4a2c-8325-ad001803be8d"
        },
        {
          "@id": "#b3cea267-e632-4d7f-8461-ec1878e3f992"
        },
        {
          "@id": "#30d9869e-bc19-4efe-9dab-e03776d2d639"
        },
        {
          "@id": "#3b090c2c-2092-431d-bc56-1bb288bcac5d"
        }
      ],
      "license": {
        "@id": "https://spdx.org/licenses/GPL-3.0-or-later"
      },
      "name": "Genome Assembly Quality Control",
      "version": 1,
      "programmingLanguage": {
        "@id": "https://w3id.org/workflowhub/workflow-ro-crate#galaxy"
      }
    },
    {
      "@id": "https://spdx.org/licenses/GPL-3.0-or-later",
      "@type": "CreativeWork",
      "name": "GPL-3.0-or-later"
    },
    {
      "@id": "https://w3id.org/workflowhub/workflow-ro-crate#galaxy",
      "@type": "ComputerLanguage",
      "identifier": {
        "@id": "https://galaxyproject.org/"
      },
      "name": "Galaxy",
      "url": {
        "@id": "https://galaxyproject.org/"
      },
      "version": "23.1"
    },
    {
      "@id": "#c72e5c15-996f-41b7-b5d4-0eaa3ac76b74",
      "@type": "Person",
      "name": "Erwan Corre"
    },
    {
      "@id": "#21a6bd1f-8565-4a2c-8325-ad001803be8d",
      "@type": "Person",
      "name": "Stéphanie Robin"
    },
    {
      "@id": "#b3cea267-e632-4d7f-8461-ec1878e3f992",
      "@type": "Person",
      "name": "Anthony Bretaudeau"
    },
    {
      "@id": "#30d9869e-bc19-4efe-9dab-e03776d2d639",
      "@type": "Person",
      "name": "Alexandre Cormier"
    },
    {
      "@id": "#3b090c2c-2092-431d-bc56-1bb288bcac5d",
      "@type": "Person",
      "name": "Laura Leroi"
    }
  ]
}