{
  "@context": "https://w3id.org/ro/crate/1.1/context",
  "@graph": [
    {
      "@id": "ro-crate-metadata.json",
      "@type": "CreativeWork",
      "about": {
        "@id": "./"
      },
      "conformsTo": [
        {
          "@id": "https://w3id.org/ro/crate/1.1"
        },
        {
          "@id": "https://about.workflowhub.eu/Workflow-RO-Crate/"
        }
      ]
    },
    {
      "@id": "./",
      "@type": "Dataset",
      "datePublished": "2024-04-26T00:05:16.153+00:00",
      "mainEntity": {
        "@id": "main_workflow.ga"
      }
    },
    {
      "@id": "main_workflow.ga",
      "@type": [
        "File",
        "SoftwareSourceCode",
        "ComputationalWorkflow"
      ],
      "author": [
        {
          "@id": "#2d07faa4-60c8-48bf-b611-9454e6399c19"
        },
        {
          "@id": "#1e30efac-0f9c-4f0f-9256-a1f288311526"
        },
        {
          "@id": "#2dfd4374-042a-4aff-ad10-4b8c08669c82"
        },
        {
          "@id": "#59b8734f-1b3c-4ea7-a305-bc1e67a89e0f"
        },
        {
          "@id": "#85765f48-f18a-4b41-b67d-32bcf031ee78"
        }
      ],
      "license": {
        "@id": "https://spdx.org/licenses/GPL-3.0-or-later"
      },
      "name": "Genome Assembly Quality Control",
      "version": 1,
      "programmingLanguage": {
        "@id": "https://w3id.org/workflowhub/workflow-ro-crate#galaxy"
      }
    },
    {
      "@id": "https://spdx.org/licenses/GPL-3.0-or-later",
      "@type": "CreativeWork",
      "name": "GPL-3.0-or-later"
    },
    {
      "@id": "https://w3id.org/workflowhub/workflow-ro-crate#galaxy",
      "@type": "ComputerLanguage",
      "identifier": {
        "@id": "https://galaxyproject.org/"
      },
      "name": "Galaxy",
      "url": {
        "@id": "https://galaxyproject.org/"
      },
      "version": "23.1"
    },
    {
      "@id": "#2d07faa4-60c8-48bf-b611-9454e6399c19",
      "@type": "Person",
      "name": "Erwan Corre"
    },
    {
      "@id": "#1e30efac-0f9c-4f0f-9256-a1f288311526",
      "@type": "Person",
      "name": "Stéphanie Robin"
    },
    {
      "@id": "#2dfd4374-042a-4aff-ad10-4b8c08669c82",
      "@type": "Person",
      "name": "Anthony Bretaudeau"
    },
    {
      "@id": "#59b8734f-1b3c-4ea7-a305-bc1e67a89e0f",
      "@type": "Person",
      "name": "Alexandre Cormier"
    },
    {
      "@id": "#85765f48-f18a-4b41-b67d-32bcf031ee78",
      "@type": "Person",
      "name": "Laura Leroi"
    }
  ]
}