{
  "@context": "https://w3id.org/ro/crate/1.1/context",
  "@graph": [
    {
      "@id": "ro-crate-metadata.json",
      "@type": "CreativeWork",
      "about": {
        "@id": "./"
      },
      "conformsTo": [
        {
          "@id": "https://w3id.org/ro/crate/1.1"
        },
        {
          "@id": "https://about.workflowhub.eu/Workflow-RO-Crate/"
        }
      ]
    },
    {
      "@id": "./",
      "@type": "Dataset",
      "datePublished": "2024-03-06T14:25:35.579+00:00",
      "mainEntity": {
        "@id": "main_workflow.ga"
      }
    },
    {
      "@id": "main_workflow.ga",
      "@type": [
        "File",
        "SoftwareSourceCode",
        "ComputationalWorkflow"
      ],
      "author": [
        {
          "@id": "#bb489df1-0cb0-4b02-a48f-13afbe1c337d"
        },
        {
          "@id": "#588cccf5-109a-46e3-9b12-13d54cc41a70"
        },
        {
          "@id": "#ee5064d2-16e4-4c36-b300-02342509e571"
        },
        {
          "@id": "#77e03978-c23b-4bd0-800b-8bf34c1e9f6b"
        },
        {
          "@id": "#84c3884e-75d8-4e2b-8222-b1d745df1824"
        }
      ],
      "license": {
        "@id": "https://spdx.org/licenses/GPL-3.0-or-later"
      },
      "name": "Genome Assembly Quality Control",
      "version": 1,
      "programmingLanguage": {
        "@id": "https://w3id.org/workflowhub/workflow-ro-crate#galaxy"
      }
    },
    {
      "@id": "https://spdx.org/licenses/GPL-3.0-or-later",
      "@type": "CreativeWork",
      "name": "GPL-3.0-or-later"
    },
    {
      "@id": "https://w3id.org/workflowhub/workflow-ro-crate#galaxy",
      "@type": "ComputerLanguage",
      "identifier": {
        "@id": "https://galaxyproject.org/"
      },
      "name": "Galaxy",
      "url": {
        "@id": "https://galaxyproject.org/"
      },
      "version": "23.1"
    },
    {
      "@id": "#bb489df1-0cb0-4b02-a48f-13afbe1c337d",
      "@type": "Person",
      "name": "Erwan Corre"
    },
    {
      "@id": "#588cccf5-109a-46e3-9b12-13d54cc41a70",
      "@type": "Person",
      "name": "Stéphanie Robin"
    },
    {
      "@id": "#ee5064d2-16e4-4c36-b300-02342509e571",
      "@type": "Person",
      "name": "Anthony Bretaudeau"
    },
    {
      "@id": "#77e03978-c23b-4bd0-800b-8bf34c1e9f6b",
      "@type": "Person",
      "name": "Alexandre Cormier"
    },
    {
      "@id": "#84c3884e-75d8-4e2b-8222-b1d745df1824",
      "@type": "Person",
      "name": "Laura Leroi"
    }
  ]
}