{
  "@context": [
    "https://w3id.org/ro/crate/1.1/context"
  ],
  "@graph": [
    {
      "@id": "ro-crate-metadata.json",
      "@type": "CreativeWork",
      "about": {
        "@id": "https://training.galaxyproject.org/training-material/topics/assembly/tutorials/assembly-decontamination/workflows/main_workflow.html"
      },
      "conformsTo": {
        "@id": "https://w3id.org/ro/crate/1.1"
      }
    },
    {
      "@id": "https://training.galaxyproject.org/training-material/topics/assembly/tutorials/assembly-decontamination/workflows/main_workflow.html",
      "@type": "Dataset",
      "name": "Assembly-decontamination-VGP9",
      "description": "## Associated Tutorial\n\nThis workflows is part of the tutorial [Decontamination of a genome assembly](https://training.galaxyproject.org/training-material/topics/assembly/tutorials/assembly-decontamination/tutorial.html), available in the [GTN](https://training.galaxyproject.org)\n\n## Features\n\n* Includes [Galaxy Workflow Tests](https://training.galaxyproject.org/training-material/faqs/gtn/workflow_run_test.html)\n* Includes a [Galaxy Workflow Report](https://training.galaxyproject.org/training-material/faqs/galaxy/workflows_report_view.html)\n\n## Thanks to...\n\n**Workflow Author(s)**: Nadolina Brajuka\n\n**Tutorial Author(s)**: [Delphine Lariviere](https://training.galaxyproject.org/training-material/hall-of-fame/delphine-l/)\n\n[![gtn star logo followed by the word workflows](https://training.galaxyproject.org/training-material/assets/branding/gtn-workflows.png)](https://training.galaxyproject.org/training-material/)",
      "version": "1.0",
      "license": "https://spdx.org/licenses/BSD-3-Clause",
      "datePublished": "2024-11-18T00:06:43.077+00:00",
      "mainEntity": {
        "@id": "main-workflow.ga"
      },
      "hasPart": [
        {
          "@id": "main-workflow.ga"
        },
        {
          "@id": "graph.png"
        }
      ]
    },
    {
      "@id": "main-workflow.ga",
      "@type": [
        "File",
        "SoftwareSourceCode",
        "ComputationalWorkflow"
      ],
      "author": [
        {
          "@id": "#dc8bfda3-9f42-437e-a09b-fe983f1b6ff8"
        }
      ],
      "name": "Assembly-decontamination-VGP9",
      "programmingLanguage": {
        "@id": "https://w3id.org/workflowhub/workflow-ro-crate#galaxy"
      },
      "image": {
        "@id": "graph.png"
      }
    },
    {
      "@id": "graph.png",
      "@type": [
        "File",
        "ImageObject",
        "WorkflowSketch"
      ],
      "contentSize": 97098
    },
    {
      "@id": "https://w3id.org/workflowhub/workflow-ro-crate#galaxy",
      "@type": "ComputerLanguage",
      "identifier": {
        "@id": "https://galaxyproject.org/"
      },
      "name": "Galaxy",
      "url": {
        "@id": "https://galaxyproject.org/"
      },
      "version": "23.1"
    },
    {
      "@id": "#dc8bfda3-9f42-437e-a09b-fe983f1b6ff8",
      "@type": "Organization",
      "name": "Nadolina Brajuka"
    }
  ]
}