{
  "@context": [
    "https://w3id.org/ro/crate/1.1/context"
  ],
  "@graph": [
    {
      "@id": "ro-crate-metadata.json",
      "@type": "CreativeWork",
      "about": {
        "@id": "https://training.galaxyproject.org/training-material/topics/fair/tutorials/med-chem-data/workflows/Data-management-in-Medicinal-Chemistry-workflow.html"
      },
      "conformsTo": {
        "@id": "https://w3id.org/ro/crate/1.1"
      }
    },
    {
      "@id": "https://training.galaxyproject.org/training-material/topics/fair/tutorials/med-chem-data/workflows/Data-management-in-Medicinal-Chemistry-workflow.html",
      "@type": "Dataset",
      "name": "Data management in Medicinal Chemistry workflow",
      "description": "Workflow includes data import, format conversion and some basic medicinal chemistry analyses.\n\n## Associated Tutorial\n\nThis workflows is part of the tutorial [Data management in Medicinal Chemistry](https://training.galaxyproject.org/training-material/topics/fair/tutorials/med-chem-data/tutorial.html), available in the [GTN](https://training.galaxyproject.org)\n\n## Features\n\n* Includes [Galaxy Workflow Tests](https://training.galaxyproject.org/training-material/faqs/gtn/workflow_run_test.html)\n\n## Thanks to...\n\n**Workflow Author(s)**: Julia Jakiela\n\n**Tutorial Author(s)**: [Julia Jakiela](https://training.galaxyproject.org/training-material/hall-of-fame/wee-snufkin/), [Katarzyna Kamieniecka](https://training.galaxyproject.org/training-material/hall-of-fame/kkamieniecka/), [Krzysztof Poterlowicz](https://training.galaxyproject.org/training-material/hall-of-fame/poterlowicz-lab/)\n\n**Grants(s)**: [DASH UK](https://training.galaxyproject.org/training-material/hall-of-fame/elixir-uk-dash/)\n\n[![gtn star logo followed by the word workflows](https://training.galaxyproject.org/training-material/assets/branding/gtn-workflows.png)](https://training.galaxyproject.org/training-material/)",
      "version": "0.0",
      "license": "https://spdx.org/licenses/CC-BY-4.0",
      "datePublished": "2024-12-08T00:07:23.731+00:00",
      "mainEntity": {
        "@id": "data-management-in-medicinal-chemistry-workflow.ga"
      },
      "hasPart": [
        {
          "@id": "data-management-in-medicinal-chemistry-workflow.ga"
        },
        {
          "@id": "graph.png"
        }
      ]
    },
    {
      "@id": "data-management-in-medicinal-chemistry-workflow.ga",
      "@type": [
        "File",
        "SoftwareSourceCode",
        "ComputationalWorkflow"
      ],
      "author": [
        {
          "@id": "https://orcid.org/0009-0001-2017-8805"
        }
      ],
      "name": "Data management in Medicinal Chemistry workflow",
      "programmingLanguage": {
        "@id": "https://w3id.org/workflowhub/workflow-ro-crate#galaxy"
      },
      "image": {
        "@id": "graph.png"
      }
    },
    {
      "@id": "graph.png",
      "@type": [
        "File",
        "ImageObject",
        "WorkflowSketch"
      ],
      "contentSize": 100794
    },
    {
      "@id": "https://w3id.org/workflowhub/workflow-ro-crate#galaxy",
      "@type": "ComputerLanguage",
      "identifier": {
        "@id": "https://galaxyproject.org/"
      },
      "name": "Galaxy",
      "url": {
        "@id": "https://galaxyproject.org/"
      },
      "version": "23.1"
    },
    {
      "@id": "https://orcid.org/0009-0001-2017-8805",
      "@type": "Person",
      "name": "Julia Jakiela"
    }
  ]
}