{
  "@context": "https://w3id.org/ro/crate/1.1/context",
  "@graph": [
    {
      "@id": "ro-crate-metadata.json",
      "@type": "CreativeWork",
      "about": {
        "@id": "./"
      },
      "conformsTo": [
        {
          "@id": "https://w3id.org/ro/crate/1.1"
        },
        {
          "@id": "https://about.workflowhub.eu/Workflow-RO-Crate/"
        }
      ]
    },
    {
      "@id": "./",
      "@type": "Dataset",
      "datePublished": "2023-11-26T23:24:22.541+00:00",
      "mainEntity": {
        "@id": "main_workflow.ga"
      }
    },
    {
      "@id": "main_workflow.ga",
      "@type": [
        "File",
        "SoftwareSourceCode",
        "ComputationalWorkflow"
      ],
      "author": [
        {
          "@id": "#019febf6-c8c2-4bfb-a237-0a80c2475efa"
        },
        {
          "@id": "#856754aa-2ead-466f-893f-1bd14b77e68f"
        },
        {
          "@id": "#ef5e7e5f-dcf9-46d9-8413-c6232a43278a"
        },
        {
          "@id": "#404b8566-8163-457e-b530-a1a565e112d8"
        }
      ],
      "license": {
        "@id": "https://spdx.org/licenses/GPL-3.0-or-later"
      },
      "name": "Genome Assembly using PacBio data",
      "version": 4,
      "programmingLanguage": {
        "@id": "https://w3id.org/workflowhub/workflow-ro-crate#galaxy"
      }
    },
    {
      "@id": "https://spdx.org/licenses/GPL-3.0-or-later",
      "@type": "CreativeWork",
      "name": "GPL-3.0-or-later"
    },
    {
      "@id": "https://w3id.org/workflowhub/workflow-ro-crate#galaxy",
      "@type": "ComputerLanguage",
      "identifier": {
        "@id": "https://galaxyproject.org/"
      },
      "name": "Galaxy",
      "url": {
        "@id": "https://galaxyproject.org/"
      },
      "version": "23.1"
    },
    {
      "@id": "#019febf6-c8c2-4bfb-a237-0a80c2475efa",
      "@type": "Person",
      "name": "Erwan Corre"
    },
    {
      "@id": "#856754aa-2ead-466f-893f-1bd14b77e68f",
      "@type": "Person",
      "name": "Stéphanie Robin"
    },
    {
      "@id": "#ef5e7e5f-dcf9-46d9-8413-c6232a43278a",
      "@type": "Person",
      "name": "Anthony Bretaudeau"
    },
    {
      "@id": "#404b8566-8163-457e-b530-a1a565e112d8",
      "@type": "Person",
      "name": "Alexandre Cormier"
    }
  ]
}