{
  "@context": "https://w3id.org/ro/crate/1.1/context",
  "@graph": [
    {
      "@id": "ro-crate-metadata.json",
      "@type": "CreativeWork",
      "about": {
        "@id": "./"
      },
      "conformsTo": [
        {
          "@id": "https://w3id.org/ro/crate/1.1"
        },
        {
          "@id": "https://about.workflowhub.eu/Workflow-RO-Crate/"
        }
      ]
    },
    {
      "@id": "./",
      "@type": "Dataset",
      "datePublished": "2024-01-15T20:31:54.553+00:00",
      "mainEntity": {
        "@id": "main_workflow.ga"
      }
    },
    {
      "@id": "main_workflow.ga",
      "@type": [
        "File",
        "SoftwareSourceCode",
        "ComputationalWorkflow"
      ],
      "author": [
        {
          "@id": "#c332d374-ce9f-4902-a9fd-40cac472f96d"
        },
        {
          "@id": "#622139ba-89d6-4c1f-ab61-aacfed8861d4"
        },
        {
          "@id": "#09896eee-0a99-4093-acc7-91ba16434704"
        },
        {
          "@id": "#d136d585-c4bb-42b0-bb46-50f112c395dc"
        }
      ],
      "license": {
        "@id": "https://spdx.org/licenses/GPL-3.0-or-later"
      },
      "name": "Genome Assembly using PacBio data",
      "version": 4,
      "programmingLanguage": {
        "@id": "https://w3id.org/workflowhub/workflow-ro-crate#galaxy"
      }
    },
    {
      "@id": "https://spdx.org/licenses/GPL-3.0-or-later",
      "@type": "CreativeWork",
      "name": "GPL-3.0-or-later"
    },
    {
      "@id": "https://w3id.org/workflowhub/workflow-ro-crate#galaxy",
      "@type": "ComputerLanguage",
      "identifier": {
        "@id": "https://galaxyproject.org/"
      },
      "name": "Galaxy",
      "url": {
        "@id": "https://galaxyproject.org/"
      },
      "version": "23.1"
    },
    {
      "@id": "#c332d374-ce9f-4902-a9fd-40cac472f96d",
      "@type": "Person",
      "name": "Erwan Corre"
    },
    {
      "@id": "#622139ba-89d6-4c1f-ab61-aacfed8861d4",
      "@type": "Person",
      "name": "Stéphanie Robin"
    },
    {
      "@id": "#09896eee-0a99-4093-acc7-91ba16434704",
      "@type": "Person",
      "name": "Anthony Bretaudeau"
    },
    {
      "@id": "#d136d585-c4bb-42b0-bb46-50f112c395dc",
      "@type": "Person",
      "name": "Alexandre Cormier"
    }
  ]
}