{
  "@context": "https://w3id.org/ro/crate/1.1/context",
  "@graph": [
    {
      "@id": "ro-crate-metadata.json",
      "@type": "CreativeWork",
      "about": {
        "@id": "./"
      },
      "conformsTo": [
        {
          "@id": "https://w3id.org/ro/crate/1.1"
        },
        {
          "@id": "https://about.workflowhub.eu/Workflow-RO-Crate/"
        }
      ]
    },
    {
      "@id": "./",
      "@type": "Dataset",
      "datePublished": "2024-01-28T23:34:04.093+00:00",
      "mainEntity": {
        "@id": "main_workflow.ga"
      }
    },
    {
      "@id": "main_workflow.ga",
      "@type": [
        "File",
        "SoftwareSourceCode",
        "ComputationalWorkflow"
      ],
      "author": [
        {
          "@id": "#8533c3df-435d-42d3-9601-bb329303ff7c"
        },
        {
          "@id": "#568790a1-82e4-46f9-817f-a6172d534cf1"
        },
        {
          "@id": "#814c2e83-2c7d-41a2-95e6-fe1cdfec2ff0"
        },
        {
          "@id": "#cde8e28e-2976-4203-a240-a8e62b688457"
        }
      ],
      "license": {
        "@id": "https://spdx.org/licenses/GPL-3.0-or-later"
      },
      "name": "Genome Assembly using PacBio data",
      "version": 4,
      "programmingLanguage": {
        "@id": "https://w3id.org/workflowhub/workflow-ro-crate#galaxy"
      }
    },
    {
      "@id": "https://spdx.org/licenses/GPL-3.0-or-later",
      "@type": "CreativeWork",
      "name": "GPL-3.0-or-later"
    },
    {
      "@id": "https://w3id.org/workflowhub/workflow-ro-crate#galaxy",
      "@type": "ComputerLanguage",
      "identifier": {
        "@id": "https://galaxyproject.org/"
      },
      "name": "Galaxy",
      "url": {
        "@id": "https://galaxyproject.org/"
      },
      "version": "23.1"
    },
    {
      "@id": "#8533c3df-435d-42d3-9601-bb329303ff7c",
      "@type": "Person",
      "name": "Erwan Corre"
    },
    {
      "@id": "#568790a1-82e4-46f9-817f-a6172d534cf1",
      "@type": "Person",
      "name": "Stéphanie Robin"
    },
    {
      "@id": "#814c2e83-2c7d-41a2-95e6-fe1cdfec2ff0",
      "@type": "Person",
      "name": "Anthony Bretaudeau"
    },
    {
      "@id": "#cde8e28e-2976-4203-a240-a8e62b688457",
      "@type": "Person",
      "name": "Alexandre Cormier"
    }
  ]
}