{
  "@context": "https://w3id.org/ro/crate/1.1/context",
  "@graph": [
    {
      "@id": "ro-crate-metadata.json",
      "@type": "CreativeWork",
      "about": {
        "@id": "./"
      },
      "conformsTo": [
        {
          "@id": "https://w3id.org/ro/crate/1.1"
        },
        {
          "@id": "https://about.workflowhub.eu/Workflow-RO-Crate/"
        }
      ]
    },
    {
      "@id": "./",
      "@type": "Dataset",
      "datePublished": "2023-12-28T00:10:33.237+00:00",
      "mainEntity": {
        "@id": "main_workflow.ga"
      }
    },
    {
      "@id": "main_workflow.ga",
      "@type": [
        "File",
        "SoftwareSourceCode",
        "ComputationalWorkflow"
      ],
      "author": [
        {
          "@id": "#ee38b0bc-95d3-448f-82a1-e006be3f9e14"
        },
        {
          "@id": "#fa285e7b-df5b-49e9-a806-2032246c0919"
        },
        {
          "@id": "#ba068e70-4f82-4823-a4c0-eb3a15acd644"
        },
        {
          "@id": "#e0aead7c-4295-4893-8734-62d9d6c1c6a1"
        }
      ],
      "license": {
        "@id": "https://spdx.org/licenses/GPL-3.0-or-later"
      },
      "name": "Genome Assembly using PacBio data",
      "version": 4,
      "programmingLanguage": {
        "@id": "https://w3id.org/workflowhub/workflow-ro-crate#galaxy"
      }
    },
    {
      "@id": "https://spdx.org/licenses/GPL-3.0-or-later",
      "@type": "CreativeWork",
      "name": "GPL-3.0-or-later"
    },
    {
      "@id": "https://w3id.org/workflowhub/workflow-ro-crate#galaxy",
      "@type": "ComputerLanguage",
      "identifier": {
        "@id": "https://galaxyproject.org/"
      },
      "name": "Galaxy",
      "url": {
        "@id": "https://galaxyproject.org/"
      },
      "version": "23.1"
    },
    {
      "@id": "#ee38b0bc-95d3-448f-82a1-e006be3f9e14",
      "@type": "Person",
      "name": "Erwan Corre"
    },
    {
      "@id": "#fa285e7b-df5b-49e9-a806-2032246c0919",
      "@type": "Person",
      "name": "Stéphanie Robin"
    },
    {
      "@id": "#ba068e70-4f82-4823-a4c0-eb3a15acd644",
      "@type": "Person",
      "name": "Anthony Bretaudeau"
    },
    {
      "@id": "#e0aead7c-4295-4893-8734-62d9d6c1c6a1",
      "@type": "Person",
      "name": "Alexandre Cormier"
    }
  ]
}