{
  "@context": "https://w3id.org/ro/crate/1.1/context",
  "@graph": [
    {
      "@id": "ro-crate-metadata.json",
      "@type": "CreativeWork",
      "about": {
        "@id": "./"
      },
      "conformsTo": [
        {
          "@id": "https://w3id.org/ro/crate/1.1"
        },
        {
          "@id": "https://about.workflowhub.eu/Workflow-RO-Crate/"
        }
      ]
    },
    {
      "@id": "./",
      "@type": "Dataset",
      "datePublished": "2023-11-14T17:33:03.707+00:00",
      "mainEntity": {
        "@id": "main_workflow.ga"
      }
    },
    {
      "@id": "main_workflow.ga",
      "@type": [
        "File",
        "SoftwareSourceCode",
        "ComputationalWorkflow"
      ],
      "author": [
        {
          "@id": "#e251c767-cffe-43b9-be0c-14713f12fd7d"
        },
        {
          "@id": "#a4d78e1d-96e2-4245-84a6-18341ddaa8dd"
        },
        {
          "@id": "#e989564b-967d-437c-a376-72b9c84e9b5a"
        },
        {
          "@id": "#e9ead878-c766-4d72-8b5f-6f0e6cb83769"
        }
      ],
      "license": {
        "@id": "https://spdx.org/licenses/GPL-3.0-or-later"
      },
      "name": "Genome Assembly using PacBio data",
      "version": 4,
      "programmingLanguage": {
        "@id": "https://w3id.org/workflowhub/workflow-ro-crate#galaxy"
      }
    },
    {
      "@id": "https://spdx.org/licenses/GPL-3.0-or-later",
      "@type": "CreativeWork",
      "name": "GPL-3.0-or-later"
    },
    {
      "@id": "https://w3id.org/workflowhub/workflow-ro-crate#galaxy",
      "@type": "ComputerLanguage",
      "identifier": {
        "@id": "https://galaxyproject.org/"
      },
      "name": "Galaxy",
      "url": {
        "@id": "https://galaxyproject.org/"
      },
      "version": "23.1"
    },
    {
      "@id": "#e251c767-cffe-43b9-be0c-14713f12fd7d",
      "@type": "Person",
      "name": "Erwan Corre"
    },
    {
      "@id": "#a4d78e1d-96e2-4245-84a6-18341ddaa8dd",
      "@type": "Person",
      "name": "Stéphanie Robin"
    },
    {
      "@id": "#e989564b-967d-437c-a376-72b9c84e9b5a",
      "@type": "Person",
      "name": "Anthony Bretaudeau"
    },
    {
      "@id": "#e9ead878-c766-4d72-8b5f-6f0e6cb83769",
      "@type": "Person",
      "name": "Alexandre Cormier"
    }
  ]
}