{
  "@context": "https://w3id.org/ro/crate/1.1/context",
  "@graph": [
    {
      "@id": "ro-crate-metadata.json",
      "@type": "CreativeWork",
      "about": {
        "@id": "./"
      },
      "conformsTo": [
        {
          "@id": "https://w3id.org/ro/crate/1.1"
        },
        {
          "@id": "https://about.workflowhub.eu/Workflow-RO-Crate/"
        }
      ]
    },
    {
      "@id": "./",
      "@type": "Dataset",
      "datePublished": "2023-12-31T00:11:05.875+00:00",
      "mainEntity": {
        "@id": "main_workflow.ga"
      }
    },
    {
      "@id": "main_workflow.ga",
      "@type": [
        "File",
        "SoftwareSourceCode",
        "ComputationalWorkflow"
      ],
      "author": [
        {
          "@id": "#c85b221f-7f90-487a-9b9e-c2edf7e41357"
        },
        {
          "@id": "#e1c102db-4f75-445f-aef9-73ca4146ab02"
        },
        {
          "@id": "#7a203627-0c73-43c6-9449-7ad2302fb4da"
        },
        {
          "@id": "#b032ca25-15f6-477f-bbc8-e22d1f71de2a"
        }
      ],
      "license": {
        "@id": "https://spdx.org/licenses/GPL-3.0-or-later"
      },
      "name": "Genome Assembly using PacBio data",
      "version": 4,
      "programmingLanguage": {
        "@id": "https://w3id.org/workflowhub/workflow-ro-crate#galaxy"
      }
    },
    {
      "@id": "https://spdx.org/licenses/GPL-3.0-or-later",
      "@type": "CreativeWork",
      "name": "GPL-3.0-or-later"
    },
    {
      "@id": "https://w3id.org/workflowhub/workflow-ro-crate#galaxy",
      "@type": "ComputerLanguage",
      "identifier": {
        "@id": "https://galaxyproject.org/"
      },
      "name": "Galaxy",
      "url": {
        "@id": "https://galaxyproject.org/"
      },
      "version": "23.1"
    },
    {
      "@id": "#c85b221f-7f90-487a-9b9e-c2edf7e41357",
      "@type": "Person",
      "name": "Erwan Corre"
    },
    {
      "@id": "#e1c102db-4f75-445f-aef9-73ca4146ab02",
      "@type": "Person",
      "name": "Stéphanie Robin"
    },
    {
      "@id": "#7a203627-0c73-43c6-9449-7ad2302fb4da",
      "@type": "Person",
      "name": "Anthony Bretaudeau"
    },
    {
      "@id": "#b032ca25-15f6-477f-bbc8-e22d1f71de2a",
      "@type": "Person",
      "name": "Alexandre Cormier"
    }
  ]
}