{
  "@context": "https://w3id.org/ro/crate/1.1/context",
  "@graph": [
    {
      "@id": "ro-crate-metadata.json",
      "@type": "CreativeWork",
      "about": {
        "@id": "./"
      },
      "conformsTo": [
        {
          "@id": "https://w3id.org/ro/crate/1.1"
        },
        {
          "@id": "https://about.workflowhub.eu/Workflow-RO-Crate/"
        }
      ]
    },
    {
      "@id": "./",
      "@type": "Dataset",
      "datePublished": "2023-12-20T15:34:29.480+00:00",
      "mainEntity": {
        "@id": "main_workflow.ga"
      }
    },
    {
      "@id": "main_workflow.ga",
      "@type": [
        "File",
        "SoftwareSourceCode",
        "ComputationalWorkflow"
      ],
      "author": [
        {
          "@id": "#e2a97692-4060-4967-b5e9-e7e15a417806"
        },
        {
          "@id": "#1a87a7a7-f64d-48ca-ac0e-6e64117a351f"
        },
        {
          "@id": "#cb7a442d-0689-4d0a-8baf-165c2e2d0ebc"
        },
        {
          "@id": "#3bd075f0-9a02-4899-9160-874ff8e23e9e"
        }
      ],
      "license": {
        "@id": "https://spdx.org/licenses/GPL-3.0-or-later"
      },
      "name": "Genome Assembly using PacBio data",
      "version": 4,
      "programmingLanguage": {
        "@id": "https://w3id.org/workflowhub/workflow-ro-crate#galaxy"
      }
    },
    {
      "@id": "https://spdx.org/licenses/GPL-3.0-or-later",
      "@type": "CreativeWork",
      "name": "GPL-3.0-or-later"
    },
    {
      "@id": "https://w3id.org/workflowhub/workflow-ro-crate#galaxy",
      "@type": "ComputerLanguage",
      "identifier": {
        "@id": "https://galaxyproject.org/"
      },
      "name": "Galaxy",
      "url": {
        "@id": "https://galaxyproject.org/"
      },
      "version": "23.1"
    },
    {
      "@id": "#e2a97692-4060-4967-b5e9-e7e15a417806",
      "@type": "Person",
      "name": "Erwan Corre"
    },
    {
      "@id": "#1a87a7a7-f64d-48ca-ac0e-6e64117a351f",
      "@type": "Person",
      "name": "Stéphanie Robin"
    },
    {
      "@id": "#cb7a442d-0689-4d0a-8baf-165c2e2d0ebc",
      "@type": "Person",
      "name": "Anthony Bretaudeau"
    },
    {
      "@id": "#3bd075f0-9a02-4899-9160-874ff8e23e9e",
      "@type": "Person",
      "name": "Alexandre Cormier"
    }
  ]
}