{
  "@context": "https://w3id.org/ro/crate/1.1/context",
  "@graph": [
    {
      "@id": "ro-crate-metadata.json",
      "@type": "CreativeWork",
      "about": {
        "@id": "./"
      },
      "conformsTo": [
        {
          "@id": "https://w3id.org/ro/crate/1.1"
        },
        {
          "@id": "https://about.workflowhub.eu/Workflow-RO-Crate/"
        }
      ]
    },
    {
      "@id": "./",
      "@type": "Dataset",
      "datePublished": "2024-02-01T10:11:50.796+00:00",
      "mainEntity": {
        "@id": "main_workflow.ga"
      }
    },
    {
      "@id": "main_workflow.ga",
      "@type": [
        "File",
        "SoftwareSourceCode",
        "ComputationalWorkflow"
      ],
      "author": [
        {
          "@id": "#5cf6d6cd-6a48-4fab-878c-45e5a4d983f2"
        },
        {
          "@id": "#9d736f5a-3bab-4d53-a3a3-f81954c04900"
        },
        {
          "@id": "#ada43fe9-af47-4017-a673-589933819b59"
        },
        {
          "@id": "#bde9111e-11b9-47e0-b63d-295d0a8c54fd"
        }
      ],
      "license": {
        "@id": "https://spdx.org/licenses/GPL-3.0-or-later"
      },
      "name": "Genome Assembly using PacBio data",
      "version": 4,
      "programmingLanguage": {
        "@id": "https://w3id.org/workflowhub/workflow-ro-crate#galaxy"
      }
    },
    {
      "@id": "https://spdx.org/licenses/GPL-3.0-or-later",
      "@type": "CreativeWork",
      "name": "GPL-3.0-or-later"
    },
    {
      "@id": "https://w3id.org/workflowhub/workflow-ro-crate#galaxy",
      "@type": "ComputerLanguage",
      "identifier": {
        "@id": "https://galaxyproject.org/"
      },
      "name": "Galaxy",
      "url": {
        "@id": "https://galaxyproject.org/"
      },
      "version": "23.1"
    },
    {
      "@id": "#5cf6d6cd-6a48-4fab-878c-45e5a4d983f2",
      "@type": "Person",
      "name": "Erwan Corre"
    },
    {
      "@id": "#9d736f5a-3bab-4d53-a3a3-f81954c04900",
      "@type": "Person",
      "name": "Stéphanie Robin"
    },
    {
      "@id": "#ada43fe9-af47-4017-a673-589933819b59",
      "@type": "Person",
      "name": "Anthony Bretaudeau"
    },
    {
      "@id": "#bde9111e-11b9-47e0-b63d-295d0a8c54fd",
      "@type": "Person",
      "name": "Alexandre Cormier"
    }
  ]
}