{
  "@context": "https://w3id.org/ro/crate/1.1/context",
  "@graph": [
    {
      "@id": "ro-crate-metadata.json",
      "@type": "CreativeWork",
      "about": {
        "@id": "./"
      },
      "conformsTo": [
        {
          "@id": "https://w3id.org/ro/crate/1.1"
        },
        {
          "@id": "https://about.workflowhub.eu/Workflow-RO-Crate/"
        }
      ]
    },
    {
      "@id": "./",
      "@type": "Dataset",
      "datePublished": "2024-01-16T00:13:49.349+00:00",
      "mainEntity": {
        "@id": "main_workflow.ga"
      }
    },
    {
      "@id": "main_workflow.ga",
      "@type": [
        "File",
        "SoftwareSourceCode",
        "ComputationalWorkflow"
      ],
      "author": [
        {
          "@id": "#5f16e152-5ee5-4d27-864e-47185aff9a4e"
        },
        {
          "@id": "#e8d5f6b0-4333-40fd-93ab-973449962040"
        },
        {
          "@id": "#7cba45c3-d63e-4f7c-bc17-370b7000117f"
        },
        {
          "@id": "#6f1cc753-2c7e-486a-9dd1-458c81767a4a"
        }
      ],
      "license": {
        "@id": "https://spdx.org/licenses/GPL-3.0-or-later"
      },
      "name": "Genome Assembly using PacBio data",
      "version": 4,
      "programmingLanguage": {
        "@id": "https://w3id.org/workflowhub/workflow-ro-crate#galaxy"
      }
    },
    {
      "@id": "https://spdx.org/licenses/GPL-3.0-or-later",
      "@type": "CreativeWork",
      "name": "GPL-3.0-or-later"
    },
    {
      "@id": "https://w3id.org/workflowhub/workflow-ro-crate#galaxy",
      "@type": "ComputerLanguage",
      "identifier": {
        "@id": "https://galaxyproject.org/"
      },
      "name": "Galaxy",
      "url": {
        "@id": "https://galaxyproject.org/"
      },
      "version": "23.1"
    },
    {
      "@id": "#5f16e152-5ee5-4d27-864e-47185aff9a4e",
      "@type": "Person",
      "name": "Erwan Corre"
    },
    {
      "@id": "#e8d5f6b0-4333-40fd-93ab-973449962040",
      "@type": "Person",
      "name": "Stéphanie Robin"
    },
    {
      "@id": "#7cba45c3-d63e-4f7c-bc17-370b7000117f",
      "@type": "Person",
      "name": "Anthony Bretaudeau"
    },
    {
      "@id": "#6f1cc753-2c7e-486a-9dd1-458c81767a4a",
      "@type": "Person",
      "name": "Alexandre Cormier"
    }
  ]
}