{
  "@context": "https://w3id.org/ro/crate/1.1/context",
  "@graph": [
    {
      "@id": "ro-crate-metadata.json",
      "@type": "CreativeWork",
      "about": {
        "@id": "./"
      },
      "conformsTo": [
        {
          "@id": "https://w3id.org/ro/crate/1.1"
        },
        {
          "@id": "https://about.workflowhub.eu/Workflow-RO-Crate/"
        }
      ]
    },
    {
      "@id": "./",
      "@type": "Dataset",
      "datePublished": "2024-01-16T20:04:43.748+00:00",
      "mainEntity": {
        "@id": "main_workflow.ga"
      }
    },
    {
      "@id": "main_workflow.ga",
      "@type": [
        "File",
        "SoftwareSourceCode",
        "ComputationalWorkflow"
      ],
      "author": [
        {
          "@id": "#47ecbb3b-62c5-4dc6-a392-2db6dc835dee"
        },
        {
          "@id": "#b86dfde5-235d-4aae-9f0d-b8529fd84471"
        },
        {
          "@id": "#82ae23dd-ce69-4fe5-b6f5-e0ce49001b30"
        },
        {
          "@id": "#554ed5d2-dbd1-40be-b37d-12e6928dd1d8"
        }
      ],
      "license": {
        "@id": "https://spdx.org/licenses/GPL-3.0-or-later"
      },
      "name": "Genome Assembly using PacBio data",
      "version": 4,
      "programmingLanguage": {
        "@id": "https://w3id.org/workflowhub/workflow-ro-crate#galaxy"
      }
    },
    {
      "@id": "https://spdx.org/licenses/GPL-3.0-or-later",
      "@type": "CreativeWork",
      "name": "GPL-3.0-or-later"
    },
    {
      "@id": "https://w3id.org/workflowhub/workflow-ro-crate#galaxy",
      "@type": "ComputerLanguage",
      "identifier": {
        "@id": "https://galaxyproject.org/"
      },
      "name": "Galaxy",
      "url": {
        "@id": "https://galaxyproject.org/"
      },
      "version": "23.1"
    },
    {
      "@id": "#47ecbb3b-62c5-4dc6-a392-2db6dc835dee",
      "@type": "Person",
      "name": "Erwan Corre"
    },
    {
      "@id": "#b86dfde5-235d-4aae-9f0d-b8529fd84471",
      "@type": "Person",
      "name": "Stéphanie Robin"
    },
    {
      "@id": "#82ae23dd-ce69-4fe5-b6f5-e0ce49001b30",
      "@type": "Person",
      "name": "Anthony Bretaudeau"
    },
    {
      "@id": "#554ed5d2-dbd1-40be-b37d-12e6928dd1d8",
      "@type": "Person",
      "name": "Alexandre Cormier"
    }
  ]
}