{
  "@context": "https://w3id.org/ro/crate/1.1/context",
  "@graph": [
    {
      "@id": "ro-crate-metadata.json",
      "@type": "CreativeWork",
      "about": {
        "@id": "./"
      },
      "conformsTo": [
        {
          "@id": "https://w3id.org/ro/crate/1.1"
        },
        {
          "@id": "https://about.workflowhub.eu/Workflow-RO-Crate/"
        }
      ]
    },
    {
      "@id": "./",
      "@type": "Dataset",
      "datePublished": "2023-11-20T16:27:59.764+00:00",
      "mainEntity": {
        "@id": "main_workflow.ga"
      }
    },
    {
      "@id": "main_workflow.ga",
      "@type": [
        "File",
        "SoftwareSourceCode",
        "ComputationalWorkflow"
      ],
      "author": [
        {
          "@id": "#8ea1f1a9-22f1-49c4-994b-3d17534294e5"
        },
        {
          "@id": "#402f0a57-dd9a-4d7c-b2b2-384d960ac249"
        },
        {
          "@id": "#5ae747c6-7836-4e6a-a595-9c72766e85b5"
        },
        {
          "@id": "#54d71df8-73fa-4bee-9504-b015a1c51b1d"
        }
      ],
      "license": {
        "@id": "https://spdx.org/licenses/GPL-3.0-or-later"
      },
      "name": "Genome Assembly using PacBio data",
      "version": 4,
      "programmingLanguage": {
        "@id": "https://w3id.org/workflowhub/workflow-ro-crate#galaxy"
      }
    },
    {
      "@id": "https://spdx.org/licenses/GPL-3.0-or-later",
      "@type": "CreativeWork",
      "name": "GPL-3.0-or-later"
    },
    {
      "@id": "https://w3id.org/workflowhub/workflow-ro-crate#galaxy",
      "@type": "ComputerLanguage",
      "identifier": {
        "@id": "https://galaxyproject.org/"
      },
      "name": "Galaxy",
      "url": {
        "@id": "https://galaxyproject.org/"
      },
      "version": "23.1"
    },
    {
      "@id": "#8ea1f1a9-22f1-49c4-994b-3d17534294e5",
      "@type": "Person",
      "name": "Erwan Corre"
    },
    {
      "@id": "#402f0a57-dd9a-4d7c-b2b2-384d960ac249",
      "@type": "Person",
      "name": "Stéphanie Robin"
    },
    {
      "@id": "#5ae747c6-7836-4e6a-a595-9c72766e85b5",
      "@type": "Person",
      "name": "Anthony Bretaudeau"
    },
    {
      "@id": "#54d71df8-73fa-4bee-9504-b015a1c51b1d",
      "@type": "Person",
      "name": "Alexandre Cormier"
    }
  ]
}