{
  "@context": "https://w3id.org/ro/crate/1.1/context",
  "@graph": [
    {
      "@id": "ro-crate-metadata.json",
      "@type": "CreativeWork",
      "about": {
        "@id": "./"
      },
      "conformsTo": [
        {
          "@id": "https://w3id.org/ro/crate/1.1"
        },
        {
          "@id": "https://about.workflowhub.eu/Workflow-RO-Crate/"
        }
      ]
    },
    {
      "@id": "./",
      "@type": "Dataset",
      "datePublished": "2024-01-31T00:11:16.143+00:00",
      "mainEntity": {
        "@id": "main_workflow.ga"
      }
    },
    {
      "@id": "main_workflow.ga",
      "@type": [
        "File",
        "SoftwareSourceCode",
        "ComputationalWorkflow"
      ],
      "author": [
        {
          "@id": "#db4a955c-e9c5-4584-8f81-6158559c9487"
        },
        {
          "@id": "#e5a205e4-7f24-442f-90c3-0d721ad1aa10"
        },
        {
          "@id": "#02d3e17a-3e68-4f9c-98a7-e9faa4ca05b8"
        },
        {
          "@id": "#2ccdeb50-027f-49d5-89d6-de39f0ca640c"
        }
      ],
      "license": {
        "@id": "https://spdx.org/licenses/GPL-3.0-or-later"
      },
      "name": "Genome Assembly using PacBio data",
      "version": 4,
      "programmingLanguage": {
        "@id": "https://w3id.org/workflowhub/workflow-ro-crate#galaxy"
      }
    },
    {
      "@id": "https://spdx.org/licenses/GPL-3.0-or-later",
      "@type": "CreativeWork",
      "name": "GPL-3.0-or-later"
    },
    {
      "@id": "https://w3id.org/workflowhub/workflow-ro-crate#galaxy",
      "@type": "ComputerLanguage",
      "identifier": {
        "@id": "https://galaxyproject.org/"
      },
      "name": "Galaxy",
      "url": {
        "@id": "https://galaxyproject.org/"
      },
      "version": "23.1"
    },
    {
      "@id": "#db4a955c-e9c5-4584-8f81-6158559c9487",
      "@type": "Person",
      "name": "Erwan Corre"
    },
    {
      "@id": "#e5a205e4-7f24-442f-90c3-0d721ad1aa10",
      "@type": "Person",
      "name": "Stéphanie Robin"
    },
    {
      "@id": "#02d3e17a-3e68-4f9c-98a7-e9faa4ca05b8",
      "@type": "Person",
      "name": "Anthony Bretaudeau"
    },
    {
      "@id": "#2ccdeb50-027f-49d5-89d6-de39f0ca640c",
      "@type": "Person",
      "name": "Alexandre Cormier"
    }
  ]
}