{
  "@context": "https://w3id.org/ro/crate/1.1/context",
  "@graph": [
    {
      "@id": "ro-crate-metadata.json",
      "@type": "CreativeWork",
      "about": {
        "@id": "./"
      },
      "conformsTo": [
        {
          "@id": "https://w3id.org/ro/crate/1.1"
        },
        {
          "@id": "https://about.workflowhub.eu/Workflow-RO-Crate/"
        }
      ]
    },
    {
      "@id": "./",
      "@type": "Dataset",
      "datePublished": "2023-11-27T00:10:12.223+00:00",
      "mainEntity": {
        "@id": "main_workflow.ga"
      }
    },
    {
      "@id": "main_workflow.ga",
      "@type": [
        "File",
        "SoftwareSourceCode",
        "ComputationalWorkflow"
      ],
      "author": [
        {
          "@id": "#2eb4c7b9-d2f9-4bb0-8018-d341bda319ed"
        },
        {
          "@id": "#8a4dbfcc-fb6b-472f-9d22-5b82c2fc3635"
        },
        {
          "@id": "#80130ccb-7b14-427a-8584-37c94719cde9"
        },
        {
          "@id": "#42147f75-d06b-47f2-9aa3-bcc9d277915a"
        }
      ],
      "license": {
        "@id": "https://spdx.org/licenses/GPL-3.0-or-later"
      },
      "name": "Genome Assembly using PacBio data",
      "version": 4,
      "programmingLanguage": {
        "@id": "https://w3id.org/workflowhub/workflow-ro-crate#galaxy"
      }
    },
    {
      "@id": "https://spdx.org/licenses/GPL-3.0-or-later",
      "@type": "CreativeWork",
      "name": "GPL-3.0-or-later"
    },
    {
      "@id": "https://w3id.org/workflowhub/workflow-ro-crate#galaxy",
      "@type": "ComputerLanguage",
      "identifier": {
        "@id": "https://galaxyproject.org/"
      },
      "name": "Galaxy",
      "url": {
        "@id": "https://galaxyproject.org/"
      },
      "version": "23.1"
    },
    {
      "@id": "#2eb4c7b9-d2f9-4bb0-8018-d341bda319ed",
      "@type": "Person",
      "name": "Erwan Corre"
    },
    {
      "@id": "#8a4dbfcc-fb6b-472f-9d22-5b82c2fc3635",
      "@type": "Person",
      "name": "Stéphanie Robin"
    },
    {
      "@id": "#80130ccb-7b14-427a-8584-37c94719cde9",
      "@type": "Person",
      "name": "Anthony Bretaudeau"
    },
    {
      "@id": "#42147f75-d06b-47f2-9aa3-bcc9d277915a",
      "@type": "Person",
      "name": "Alexandre Cormier"
    }
  ]
}