{
  "@context": "https://w3id.org/ro/crate/1.1/context",
  "@graph": [
    {
      "@id": "ro-crate-metadata.json",
      "@type": "CreativeWork",
      "about": {
        "@id": "./"
      },
      "conformsTo": [
        {
          "@id": "https://w3id.org/ro/crate/1.1"
        },
        {
          "@id": "https://about.workflowhub.eu/Workflow-RO-Crate/"
        }
      ]
    },
    {
      "@id": "./",
      "@type": "Dataset",
      "datePublished": "2023-12-20T14:16:50.667+00:00",
      "mainEntity": {
        "@id": "main_workflow.ga"
      }
    },
    {
      "@id": "main_workflow.ga",
      "@type": [
        "File",
        "SoftwareSourceCode",
        "ComputationalWorkflow"
      ],
      "author": [
        {
          "@id": "#38ca49c6-653f-4377-aff6-31470b49b98a"
        },
        {
          "@id": "#11a99be2-4553-4e76-8247-a927da6efd82"
        },
        {
          "@id": "#8c7ae471-b0da-4608-8d09-73e30b6e2e6c"
        },
        {
          "@id": "#5a16bedc-b7ba-41d4-a1ad-e40e8f886535"
        }
      ],
      "license": {
        "@id": "https://spdx.org/licenses/GPL-3.0-or-later"
      },
      "name": "Genome Assembly using PacBio data",
      "version": 4,
      "programmingLanguage": {
        "@id": "https://w3id.org/workflowhub/workflow-ro-crate#galaxy"
      }
    },
    {
      "@id": "https://spdx.org/licenses/GPL-3.0-or-later",
      "@type": "CreativeWork",
      "name": "GPL-3.0-or-later"
    },
    {
      "@id": "https://w3id.org/workflowhub/workflow-ro-crate#galaxy",
      "@type": "ComputerLanguage",
      "identifier": {
        "@id": "https://galaxyproject.org/"
      },
      "name": "Galaxy",
      "url": {
        "@id": "https://galaxyproject.org/"
      },
      "version": "23.1"
    },
    {
      "@id": "#38ca49c6-653f-4377-aff6-31470b49b98a",
      "@type": "Person",
      "name": "Erwan Corre"
    },
    {
      "@id": "#11a99be2-4553-4e76-8247-a927da6efd82",
      "@type": "Person",
      "name": "Stéphanie Robin"
    },
    {
      "@id": "#8c7ae471-b0da-4608-8d09-73e30b6e2e6c",
      "@type": "Person",
      "name": "Anthony Bretaudeau"
    },
    {
      "@id": "#5a16bedc-b7ba-41d4-a1ad-e40e8f886535",
      "@type": "Person",
      "name": "Alexandre Cormier"
    }
  ]
}