{
  "@context": "https://w3id.org/ro/crate/1.1/context",
  "@graph": [
    {
      "@id": "ro-crate-metadata.json",
      "@type": "CreativeWork",
      "about": {
        "@id": "./"
      },
      "conformsTo": [
        {
          "@id": "https://w3id.org/ro/crate/1.1"
        },
        {
          "@id": "https://about.workflowhub.eu/Workflow-RO-Crate/"
        }
      ]
    },
    {
      "@id": "./",
      "@type": "Dataset",
      "datePublished": "2024-06-14T10:06:46.611+00:00",
      "mainEntity": {
        "@id": "main_workflow.ga"
      }
    },
    {
      "@id": "main_workflow.ga",
      "@type": [
        "File",
        "SoftwareSourceCode",
        "ComputationalWorkflow"
      ],
      "author": [
        {
          "@id": "#a04ffe6a-af42-41e8-964c-de520ae9026b"
        },
        {
          "@id": "#594b2887-e132-4b19-8e74-943d1a7564d0"
        },
        {
          "@id": "#9bc7a1be-e1d6-4531-82e3-8e6d76dacd4e"
        },
        {
          "@id": "#6e291c41-1ad6-42c3-9627-9fa4be76eb7b"
        }
      ],
      "license": {
        "@id": "https://spdx.org/licenses/GPL-3.0-or-later"
      },
      "name": "Genome Assembly using PacBio data",
      "version": 4,
      "programmingLanguage": {
        "@id": "https://w3id.org/workflowhub/workflow-ro-crate#galaxy"
      }
    },
    {
      "@id": "https://spdx.org/licenses/GPL-3.0-or-later",
      "@type": "CreativeWork",
      "name": "GPL-3.0-or-later"
    },
    {
      "@id": "https://w3id.org/workflowhub/workflow-ro-crate#galaxy",
      "@type": "ComputerLanguage",
      "identifier": {
        "@id": "https://galaxyproject.org/"
      },
      "name": "Galaxy",
      "url": {
        "@id": "https://galaxyproject.org/"
      },
      "version": "23.1"
    },
    {
      "@id": "#a04ffe6a-af42-41e8-964c-de520ae9026b",
      "@type": "Person",
      "name": "Erwan Corre"
    },
    {
      "@id": "#594b2887-e132-4b19-8e74-943d1a7564d0",
      "@type": "Person",
      "name": "Stéphanie Robin"
    },
    {
      "@id": "#9bc7a1be-e1d6-4531-82e3-8e6d76dacd4e",
      "@type": "Person",
      "name": "Anthony Bretaudeau"
    },
    {
      "@id": "#6e291c41-1ad6-42c3-9627-9fa4be76eb7b",
      "@type": "Person",
      "name": "Alexandre Cormier"
    }
  ]
}