{
  "@context": "https://w3id.org/ro/crate/1.1/context",
  "@graph": [
    {
      "@id": "ro-crate-metadata.json",
      "@type": "CreativeWork",
      "about": {
        "@id": "./"
      },
      "conformsTo": [
        {
          "@id": "https://w3id.org/ro/crate/1.1"
        },
        {
          "@id": "https://about.workflowhub.eu/Workflow-RO-Crate/"
        }
      ]
    },
    {
      "@id": "./",
      "@type": "Dataset",
      "datePublished": "2024-03-28T12:57:01.037+00:00",
      "mainEntity": {
        "@id": "main_workflow.ga"
      }
    },
    {
      "@id": "main_workflow.ga",
      "@type": [
        "File",
        "SoftwareSourceCode",
        "ComputationalWorkflow"
      ],
      "author": [
        {
          "@id": "#e0ac4874-204a-4f35-b00a-10d3af1bc54c"
        },
        {
          "@id": "#ec3c17e8-7dfd-410f-ad3c-ff2e7f63791f"
        },
        {
          "@id": "#e4f01877-a967-4fa8-a69e-51f66476832c"
        },
        {
          "@id": "#f288eebd-49a2-428b-93d0-63bb14bd5e1d"
        }
      ],
      "license": {
        "@id": "https://spdx.org/licenses/GPL-3.0-or-later"
      },
      "name": "Genome Assembly using PacBio data",
      "version": 4,
      "programmingLanguage": {
        "@id": "https://w3id.org/workflowhub/workflow-ro-crate#galaxy"
      }
    },
    {
      "@id": "https://spdx.org/licenses/GPL-3.0-or-later",
      "@type": "CreativeWork",
      "name": "GPL-3.0-or-later"
    },
    {
      "@id": "https://w3id.org/workflowhub/workflow-ro-crate#galaxy",
      "@type": "ComputerLanguage",
      "identifier": {
        "@id": "https://galaxyproject.org/"
      },
      "name": "Galaxy",
      "url": {
        "@id": "https://galaxyproject.org/"
      },
      "version": "23.1"
    },
    {
      "@id": "#e0ac4874-204a-4f35-b00a-10d3af1bc54c",
      "@type": "Person",
      "name": "Erwan Corre"
    },
    {
      "@id": "#ec3c17e8-7dfd-410f-ad3c-ff2e7f63791f",
      "@type": "Person",
      "name": "Stéphanie Robin"
    },
    {
      "@id": "#e4f01877-a967-4fa8-a69e-51f66476832c",
      "@type": "Person",
      "name": "Anthony Bretaudeau"
    },
    {
      "@id": "#f288eebd-49a2-428b-93d0-63bb14bd5e1d",
      "@type": "Person",
      "name": "Alexandre Cormier"
    }
  ]
}