{
  "@context": "https://w3id.org/ro/crate/1.1/context",
  "@graph": [
    {
      "@id": "ro-crate-metadata.json",
      "@type": "CreativeWork",
      "about": {
        "@id": "./"
      },
      "conformsTo": [
        {
          "@id": "https://w3id.org/ro/crate/1.1"
        },
        {
          "@id": "https://about.workflowhub.eu/Workflow-RO-Crate/"
        }
      ]
    },
    {
      "@id": "./",
      "@type": "Dataset",
      "datePublished": "2024-05-07T09:16:04.660+00:00",
      "mainEntity": {
        "@id": "main_workflow.ga"
      }
    },
    {
      "@id": "main_workflow.ga",
      "@type": [
        "File",
        "SoftwareSourceCode",
        "ComputationalWorkflow"
      ],
      "author": [
        {
          "@id": "#6bf19e01-f74a-42b4-a336-98ef9d3c30cd"
        },
        {
          "@id": "#3484c795-c67b-4bd9-9076-da9ea64c5f0a"
        },
        {
          "@id": "#7e42d447-5c05-4e51-99df-2de36adcc295"
        },
        {
          "@id": "#6db9abd2-cd28-4fa7-b28e-f8bd959bca86"
        }
      ],
      "license": {
        "@id": "https://spdx.org/licenses/GPL-3.0-or-later"
      },
      "name": "Genome Assembly using PacBio data",
      "version": 4,
      "programmingLanguage": {
        "@id": "https://w3id.org/workflowhub/workflow-ro-crate#galaxy"
      }
    },
    {
      "@id": "https://spdx.org/licenses/GPL-3.0-or-later",
      "@type": "CreativeWork",
      "name": "GPL-3.0-or-later"
    },
    {
      "@id": "https://w3id.org/workflowhub/workflow-ro-crate#galaxy",
      "@type": "ComputerLanguage",
      "identifier": {
        "@id": "https://galaxyproject.org/"
      },
      "name": "Galaxy",
      "url": {
        "@id": "https://galaxyproject.org/"
      },
      "version": "23.1"
    },
    {
      "@id": "#6bf19e01-f74a-42b4-a336-98ef9d3c30cd",
      "@type": "Person",
      "name": "Erwan Corre"
    },
    {
      "@id": "#3484c795-c67b-4bd9-9076-da9ea64c5f0a",
      "@type": "Person",
      "name": "Stéphanie Robin"
    },
    {
      "@id": "#7e42d447-5c05-4e51-99df-2de36adcc295",
      "@type": "Person",
      "name": "Anthony Bretaudeau"
    },
    {
      "@id": "#6db9abd2-cd28-4fa7-b28e-f8bd959bca86",
      "@type": "Person",
      "name": "Alexandre Cormier"
    }
  ]
}