{
  "@context": "https://w3id.org/ro/crate/1.1/context",
  "@graph": [
    {
      "@id": "ro-crate-metadata.json",
      "@type": "CreativeWork",
      "about": {
        "@id": "./"
      },
      "conformsTo": [
        {
          "@id": "https://w3id.org/ro/crate/1.1"
        },
        {
          "@id": "https://about.workflowhub.eu/Workflow-RO-Crate/"
        }
      ]
    },
    {
      "@id": "./",
      "@type": "Dataset",
      "datePublished": "2024-03-04T23:15:37.905+00:00",
      "mainEntity": {
        "@id": "main_workflow.ga"
      }
    },
    {
      "@id": "main_workflow.ga",
      "@type": [
        "File",
        "SoftwareSourceCode",
        "ComputationalWorkflow"
      ],
      "author": [
        {
          "@id": "#023b23ff-b086-48ee-9d73-3b70f76cf065"
        },
        {
          "@id": "#1153eda4-a2f6-4533-accc-b2207ac797d1"
        },
        {
          "@id": "#e70fa82c-f9ea-4a4a-9805-1612718b1261"
        },
        {
          "@id": "#25a1e539-5cb9-49ae-a2e6-dbf623d333e5"
        }
      ],
      "license": {
        "@id": "https://spdx.org/licenses/GPL-3.0-or-later"
      },
      "name": "Genome Assembly using PacBio data",
      "version": 4,
      "programmingLanguage": {
        "@id": "https://w3id.org/workflowhub/workflow-ro-crate#galaxy"
      }
    },
    {
      "@id": "https://spdx.org/licenses/GPL-3.0-or-later",
      "@type": "CreativeWork",
      "name": "GPL-3.0-or-later"
    },
    {
      "@id": "https://w3id.org/workflowhub/workflow-ro-crate#galaxy",
      "@type": "ComputerLanguage",
      "identifier": {
        "@id": "https://galaxyproject.org/"
      },
      "name": "Galaxy",
      "url": {
        "@id": "https://galaxyproject.org/"
      },
      "version": "23.1"
    },
    {
      "@id": "#023b23ff-b086-48ee-9d73-3b70f76cf065",
      "@type": "Person",
      "name": "Erwan Corre"
    },
    {
      "@id": "#1153eda4-a2f6-4533-accc-b2207ac797d1",
      "@type": "Person",
      "name": "Stéphanie Robin"
    },
    {
      "@id": "#e70fa82c-f9ea-4a4a-9805-1612718b1261",
      "@type": "Person",
      "name": "Anthony Bretaudeau"
    },
    {
      "@id": "#25a1e539-5cb9-49ae-a2e6-dbf623d333e5",
      "@type": "Person",
      "name": "Alexandre Cormier"
    }
  ]
}