{
  "@context": "https://w3id.org/ro/crate/1.1/context",
  "@graph": [
    {
      "@id": "ro-crate-metadata.json",
      "@type": "CreativeWork",
      "about": {
        "@id": "./"
      },
      "conformsTo": [
        {
          "@id": "https://w3id.org/ro/crate/1.1"
        },
        {
          "@id": "https://about.workflowhub.eu/Workflow-RO-Crate/"
        }
      ]
    },
    {
      "@id": "./",
      "@type": "Dataset",
      "datePublished": "2024-06-20T10:48:46.182+00:00",
      "mainEntity": {
        "@id": "main_workflow.ga"
      }
    },
    {
      "@id": "main_workflow.ga",
      "@type": [
        "File",
        "SoftwareSourceCode",
        "ComputationalWorkflow"
      ],
      "author": [
        {
          "@id": "#96976b9e-7f47-4495-8cf0-41e62a3a8b34"
        },
        {
          "@id": "#f234dd6b-d407-4b28-8a4f-9c330ee69593"
        },
        {
          "@id": "#3379cbff-cfe5-48d6-b7f8-7d22e0e8b0e0"
        },
        {
          "@id": "#e06248dc-74c6-445e-a32b-0c20d4cd0445"
        }
      ],
      "license": {
        "@id": "https://spdx.org/licenses/GPL-3.0-or-later"
      },
      "name": "Genome Assembly using PacBio data",
      "version": 4,
      "programmingLanguage": {
        "@id": "https://w3id.org/workflowhub/workflow-ro-crate#galaxy"
      }
    },
    {
      "@id": "https://spdx.org/licenses/GPL-3.0-or-later",
      "@type": "CreativeWork",
      "name": "GPL-3.0-or-later"
    },
    {
      "@id": "https://w3id.org/workflowhub/workflow-ro-crate#galaxy",
      "@type": "ComputerLanguage",
      "identifier": {
        "@id": "https://galaxyproject.org/"
      },
      "name": "Galaxy",
      "url": {
        "@id": "https://galaxyproject.org/"
      },
      "version": "23.1"
    },
    {
      "@id": "#96976b9e-7f47-4495-8cf0-41e62a3a8b34",
      "@type": "Person",
      "name": "Erwan Corre"
    },
    {
      "@id": "#f234dd6b-d407-4b28-8a4f-9c330ee69593",
      "@type": "Person",
      "name": "Stéphanie Robin"
    },
    {
      "@id": "#3379cbff-cfe5-48d6-b7f8-7d22e0e8b0e0",
      "@type": "Person",
      "name": "Anthony Bretaudeau"
    },
    {
      "@id": "#e06248dc-74c6-445e-a32b-0c20d4cd0445",
      "@type": "Person",
      "name": "Alexandre Cormier"
    }
  ]
}