{
  "@context": "https://w3id.org/ro/crate/1.1/context",
  "@graph": [
    {
      "@id": "ro-crate-metadata.json",
      "@type": "CreativeWork",
      "about": {
        "@id": "./"
      },
      "conformsTo": [
        {
          "@id": "https://w3id.org/ro/crate/1.1"
        },
        {
          "@id": "https://about.workflowhub.eu/Workflow-RO-Crate/"
        }
      ]
    },
    {
      "@id": "./",
      "@type": "Dataset",
      "datePublished": "2024-03-15T00:04:38.466+00:00",
      "mainEntity": {
        "@id": "main_workflow.ga"
      }
    },
    {
      "@id": "main_workflow.ga",
      "@type": [
        "File",
        "SoftwareSourceCode",
        "ComputationalWorkflow"
      ],
      "author": [
        {
          "@id": "#220ac843-5e81-4380-b1f7-314c7b67cfdb"
        },
        {
          "@id": "#e7dc87c3-dd8b-4f2e-916a-8ec1ad467683"
        },
        {
          "@id": "#b70e9f2c-af9a-4b47-a7aa-d9dcbc50251a"
        },
        {
          "@id": "#a8bfc490-42ad-4818-aedc-48d85f51c582"
        },
        {
          "@id": "#e9ea7320-200f-49c8-95b1-73e3afa4bbd3"
        }
      ],
      "license": {
        "@id": "https://spdx.org/licenses/GPL-3.0-or-later"
      },
      "name": "Genome Assembly Quality Control",
      "version": 1,
      "programmingLanguage": {
        "@id": "https://w3id.org/workflowhub/workflow-ro-crate#galaxy"
      }
    },
    {
      "@id": "https://spdx.org/licenses/GPL-3.0-or-later",
      "@type": "CreativeWork",
      "name": "GPL-3.0-or-later"
    },
    {
      "@id": "https://w3id.org/workflowhub/workflow-ro-crate#galaxy",
      "@type": "ComputerLanguage",
      "identifier": {
        "@id": "https://galaxyproject.org/"
      },
      "name": "Galaxy",
      "url": {
        "@id": "https://galaxyproject.org/"
      },
      "version": "23.1"
    },
    {
      "@id": "#220ac843-5e81-4380-b1f7-314c7b67cfdb",
      "@type": "Person",
      "name": "Erwan Corre"
    },
    {
      "@id": "#e7dc87c3-dd8b-4f2e-916a-8ec1ad467683",
      "@type": "Person",
      "name": "Stéphanie Robin"
    },
    {
      "@id": "#b70e9f2c-af9a-4b47-a7aa-d9dcbc50251a",
      "@type": "Person",
      "name": "Anthony Bretaudeau"
    },
    {
      "@id": "#a8bfc490-42ad-4818-aedc-48d85f51c582",
      "@type": "Person",
      "name": "Alexandre Cormier"
    },
    {
      "@id": "#e9ea7320-200f-49c8-95b1-73e3afa4bbd3",
      "@type": "Person",
      "name": "Laura Leroi"
    }
  ]
}