{
  "@context": "https://w3id.org/ro/crate/1.1/context",
  "@graph": [
    {
      "@id": "ro-crate-metadata.json",
      "@type": "CreativeWork",
      "about": {
        "@id": "./"
      },
      "conformsTo": [
        {
          "@id": "https://w3id.org/ro/crate/1.1"
        },
        {
          "@id": "https://about.workflowhub.eu/Workflow-RO-Crate/"
        }
      ]
    },
    {
      "@id": "./",
      "@type": "Dataset",
      "datePublished": "2024-04-11T00:05:03.633+00:00",
      "mainEntity": {
        "@id": "main_workflow.ga"
      }
    },
    {
      "@id": "main_workflow.ga",
      "@type": [
        "File",
        "SoftwareSourceCode",
        "ComputationalWorkflow"
      ],
      "author": [
        {
          "@id": "#c404cb8d-36b4-4f8b-9cc4-2b1942b3816d"
        },
        {
          "@id": "#6a208bdf-692c-4467-9a3d-ef3c84189640"
        },
        {
          "@id": "#2a3d5498-ccaa-473a-9aaa-fa554f7dec1e"
        },
        {
          "@id": "#726f2ee4-0ef0-4699-8652-49840eda8408"
        },
        {
          "@id": "#d4d92e8b-e30a-4fc0-a284-6411acf4d95a"
        }
      ],
      "license": {
        "@id": "https://spdx.org/licenses/GPL-3.0-or-later"
      },
      "name": "Genome Assembly Quality Control",
      "version": 1,
      "programmingLanguage": {
        "@id": "https://w3id.org/workflowhub/workflow-ro-crate#galaxy"
      }
    },
    {
      "@id": "https://spdx.org/licenses/GPL-3.0-or-later",
      "@type": "CreativeWork",
      "name": "GPL-3.0-or-later"
    },
    {
      "@id": "https://w3id.org/workflowhub/workflow-ro-crate#galaxy",
      "@type": "ComputerLanguage",
      "identifier": {
        "@id": "https://galaxyproject.org/"
      },
      "name": "Galaxy",
      "url": {
        "@id": "https://galaxyproject.org/"
      },
      "version": "23.1"
    },
    {
      "@id": "#c404cb8d-36b4-4f8b-9cc4-2b1942b3816d",
      "@type": "Person",
      "name": "Erwan Corre"
    },
    {
      "@id": "#6a208bdf-692c-4467-9a3d-ef3c84189640",
      "@type": "Person",
      "name": "Stéphanie Robin"
    },
    {
      "@id": "#2a3d5498-ccaa-473a-9aaa-fa554f7dec1e",
      "@type": "Person",
      "name": "Anthony Bretaudeau"
    },
    {
      "@id": "#726f2ee4-0ef0-4699-8652-49840eda8408",
      "@type": "Person",
      "name": "Alexandre Cormier"
    },
    {
      "@id": "#d4d92e8b-e30a-4fc0-a284-6411acf4d95a",
      "@type": "Person",
      "name": "Laura Leroi"
    }
  ]
}