{
  "@context": "https://w3id.org/ro/crate/1.1/context",
  "@graph": [
    {
      "@id": "ro-crate-metadata.json",
      "@type": "CreativeWork",
      "about": {
        "@id": "./"
      },
      "conformsTo": [
        {
          "@id": "https://w3id.org/ro/crate/1.1"
        },
        {
          "@id": "https://about.workflowhub.eu/Workflow-RO-Crate/"
        }
      ]
    },
    {
      "@id": "./",
      "@type": "Dataset",
      "datePublished": "2024-06-19T00:05:29.177+00:00",
      "mainEntity": {
        "@id": "main_workflow.ga"
      }
    },
    {
      "@id": "main_workflow.ga",
      "@type": [
        "File",
        "SoftwareSourceCode",
        "ComputationalWorkflow"
      ],
      "author": [
        {
          "@id": "#c13ad74f-0fa6-4174-b2a4-eb900c68bd99"
        },
        {
          "@id": "#a1f64ab7-2567-4a98-ab40-8e1e41cf52d9"
        },
        {
          "@id": "#bc2b3fca-774d-4e0e-9f6a-bf72715f5d40"
        },
        {
          "@id": "#11b41344-fcdc-480b-a314-0af0a703aed8"
        },
        {
          "@id": "#d0f2bc3e-aca0-46b6-a24c-8a431d31133d"
        }
      ],
      "license": {
        "@id": "https://spdx.org/licenses/GPL-3.0-or-later"
      },
      "name": "Genome Assembly Quality Control",
      "version": 1,
      "programmingLanguage": {
        "@id": "https://w3id.org/workflowhub/workflow-ro-crate#galaxy"
      }
    },
    {
      "@id": "https://spdx.org/licenses/GPL-3.0-or-later",
      "@type": "CreativeWork",
      "name": "GPL-3.0-or-later"
    },
    {
      "@id": "https://w3id.org/workflowhub/workflow-ro-crate#galaxy",
      "@type": "ComputerLanguage",
      "identifier": {
        "@id": "https://galaxyproject.org/"
      },
      "name": "Galaxy",
      "url": {
        "@id": "https://galaxyproject.org/"
      },
      "version": "23.1"
    },
    {
      "@id": "#c13ad74f-0fa6-4174-b2a4-eb900c68bd99",
      "@type": "Person",
      "name": "Erwan Corre"
    },
    {
      "@id": "#a1f64ab7-2567-4a98-ab40-8e1e41cf52d9",
      "@type": "Person",
      "name": "Stéphanie Robin"
    },
    {
      "@id": "#bc2b3fca-774d-4e0e-9f6a-bf72715f5d40",
      "@type": "Person",
      "name": "Anthony Bretaudeau"
    },
    {
      "@id": "#11b41344-fcdc-480b-a314-0af0a703aed8",
      "@type": "Person",
      "name": "Alexandre Cormier"
    },
    {
      "@id": "#d0f2bc3e-aca0-46b6-a24c-8a431d31133d",
      "@type": "Person",
      "name": "Laura Leroi"
    }
  ]
}