{
  "@context": "https://w3id.org/ro/crate/1.1/context",
  "@graph": [
    {
      "@id": "ro-crate-metadata.json",
      "@type": "CreativeWork",
      "about": {
        "@id": "./"
      },
      "conformsTo": [
        {
          "@id": "https://w3id.org/ro/crate/1.1"
        },
        {
          "@id": "https://about.workflowhub.eu/Workflow-RO-Crate/"
        }
      ]
    },
    {
      "@id": "./",
      "@type": "Dataset",
      "datePublished": "2024-06-24T07:13:54.939+00:00",
      "mainEntity": {
        "@id": "main_workflow.ga"
      }
    },
    {
      "@id": "main_workflow.ga",
      "@type": [
        "File",
        "SoftwareSourceCode",
        "ComputationalWorkflow"
      ],
      "author": [
        {
          "@id": "#a1753975-8234-4f75-92ac-0fb8099a2567"
        },
        {
          "@id": "#6741c8e2-a051-4520-b911-ef496f9d0ec9"
        },
        {
          "@id": "#3ce9bdbc-4de1-4451-b4c5-26a15274de5a"
        },
        {
          "@id": "#e78b1ad8-045a-48b7-9d33-6b1801f7594b"
        },
        {
          "@id": "#a85dd0b8-4489-4e45-855c-883177d052e4"
        }
      ],
      "license": {
        "@id": "https://spdx.org/licenses/GPL-3.0-or-later"
      },
      "name": "Genome Assembly Quality Control",
      "version": 1,
      "programmingLanguage": {
        "@id": "https://w3id.org/workflowhub/workflow-ro-crate#galaxy"
      }
    },
    {
      "@id": "https://spdx.org/licenses/GPL-3.0-or-later",
      "@type": "CreativeWork",
      "name": "GPL-3.0-or-later"
    },
    {
      "@id": "https://w3id.org/workflowhub/workflow-ro-crate#galaxy",
      "@type": "ComputerLanguage",
      "identifier": {
        "@id": "https://galaxyproject.org/"
      },
      "name": "Galaxy",
      "url": {
        "@id": "https://galaxyproject.org/"
      },
      "version": "23.1"
    },
    {
      "@id": "#a1753975-8234-4f75-92ac-0fb8099a2567",
      "@type": "Person",
      "name": "Erwan Corre"
    },
    {
      "@id": "#6741c8e2-a051-4520-b911-ef496f9d0ec9",
      "@type": "Person",
      "name": "Stéphanie Robin"
    },
    {
      "@id": "#3ce9bdbc-4de1-4451-b4c5-26a15274de5a",
      "@type": "Person",
      "name": "Anthony Bretaudeau"
    },
    {
      "@id": "#e78b1ad8-045a-48b7-9d33-6b1801f7594b",
      "@type": "Person",
      "name": "Alexandre Cormier"
    },
    {
      "@id": "#a85dd0b8-4489-4e45-855c-883177d052e4",
      "@type": "Person",
      "name": "Laura Leroi"
    }
  ]
}