{
  "@context": [
    "https://w3id.org/ro/crate/1.1/context"
  ],
  "@graph": [
    {
      "@id": "ro-crate-metadata.json",
      "@type": "CreativeWork",
      "about": {
        "@id": "https://training.galaxyproject.org/training-material/topics/statistics/tutorials/age-prediction-with-ml/workflows/age-prediction-dnam.html"
      },
      "conformsTo": {
        "@id": "https://w3id.org/ro/crate/1.1"
      }
    },
    {
      "@id": "https://training.galaxyproject.org/training-material/topics/statistics/tutorials/age-prediction-with-ml/workflows/age-prediction-dnam.html",
      "@type": "Dataset",
      "name": "Age Prediction DNA Methylation",
      "description": "Age prediction using machine learning\n\n## Associated Tutorial\n\nThis workflows is part of the tutorial [Age prediction using machine learning](https://training.galaxyproject.org/training-material/topics/statistics/tutorials/age-prediction-with-ml/tutorial.html), available in the [GTN](https://training.galaxyproject.org)\n\n\n\n\n\n## Thanks to...\n\n**Tutorial Author(s)**: [Ekaterina Polkh](https://training.galaxyproject.org/training-material/hall-of-fame/polkhe/), [Anup Kumar](https://training.galaxyproject.org/training-material/hall-of-fame/anuprulez/)\n\n[![gtn star logo followed by the word workflows](https://training.galaxyproject.org/training-material/assets/branding/gtn-workflows.png)](https://training.galaxyproject.org/training-material/)",
      "version": "6.0",
      "license": "https://spdx.org/licenses/CC-BY-4.0",
      "datePublished": "2024-08-08T14:29:53.918+00:00",
      "mainEntity": {
        "@id": "age-prediction-dnam.ga"
      },
      "hasPart": [
        {
          "@id": "age-prediction-dnam.ga"
        },
        {
          "@id": "graph.png"
        }
      ]
    },
    {
      "@id": "age-prediction-dnam.ga",
      "@type": [
        "File",
        "SoftwareSourceCode",
        "ComputationalWorkflow"
      ],
      "author": [

      ],
      "name": "Age Prediction DNA Methylation",
      "programmingLanguage": {
        "@id": "https://w3id.org/workflowhub/workflow-ro-crate#galaxy"
      },
      "image": {
        "@id": "graph.png"
      }
    },
    {
      "@id": "graph.png",
      "@type": [
        "File",
        "ImageObject",
        "WorkflowSketch"
      ],
      "contentSize": 0
    },
    {
      "@id": "https://w3id.org/workflowhub/workflow-ro-crate#galaxy",
      "@type": "ComputerLanguage",
      "identifier": {
        "@id": "https://galaxyproject.org/"
      },
      "name": "Galaxy",
      "url": {
        "@id": "https://galaxyproject.org/"
      },
      "version": "23.1"
    }
  ]
}