{
  "@context": [
    "https://w3id.org/ro/crate/1.1/context"
  ],
  "@graph": [
    {
      "@id": "ro-crate-metadata.json",
      "@type": "CreativeWork",
      "about": {
        "@id": "https://training.galaxyproject.org/training-material/topics/single-cell/tutorials/EBI-retrieval/workflows/EBI-SCXA-to-AnnData-(Scanpy)-or-Seurat-Object.html"
      },
      "conformsTo": {
        "@id": "https://w3id.org/ro/crate/1.1"
      }
    },
    {
      "@id": "https://training.galaxyproject.org/training-material/topics/single-cell/tutorials/EBI-retrieval/workflows/EBI-SCXA-to-AnnData-(Scanpy)-or-Seurat-Object.html",
      "@type": "Dataset",
      "name": "EBI SCXA to AnnData (Scanpy) or Seurat Object",
      "description": "Creates input file for Filter, Plot, Explore tutorial\n\n## Associated Tutorial\n\nThis workflows is part of the tutorial [Importing files from public atlases](https://training.galaxyproject.org/training-material/topics/single-cell/tutorials/EBI-retrieval/tutorial.html), available in the [GTN](https://training.galaxyproject.org)\n\n## Features\n\n* Includes [Galaxy Workflow Tests](https://training.galaxyproject.org/training-material/faqs/gtn/workflow_run_test.html)\n\n## Thanks to...\n\n**Workflow Author(s)**: Julia Jakiela\n\n**Tutorial Author(s)**: [Julia Jakiela](https://training.galaxyproject.org/training-material/hall-of-fame/wee-snufkin/), [Wendi Bacon](https://training.galaxyproject.org/training-material/hall-of-fame/nomadscientist/)\n\n**Funder(s)**: [ELIXIR-UK: FAIR Data Stewardship training](https://training.galaxyproject.org/training-material/hall-of-fame/elixir-fair-data/)\n\n[![gtn star logo followed by the word workflows](https://training.galaxyproject.org/training-material/assets/branding/gtn-workflows.png)](https://training.galaxyproject.org/training-material/)",
      "version": "1.0",
      "license": "https://spdx.org/licenses/CC-BY-4.0",
      "datePublished": "2024-08-01T11:41:41.224+00:00",
      "mainEntity": {
        "@id": "ebi-scxa-to-anndata--scanpy--or-seurat-object.ga"
      },
      "hasPart": [
        {
          "@id": "ebi-scxa-to-anndata--scanpy--or-seurat-object.ga"
        },
        {
          "@id": "graph.png"
        }
      ]
    },
    {
      "@id": "ebi-scxa-to-anndata--scanpy--or-seurat-object.ga",
      "@type": [
        "File",
        "SoftwareSourceCode",
        "ComputationalWorkflow"
      ],
      "author": [
        {
          "@id": "https://orcid.org/0009-0001-2017-8805"
        }
      ],
      "name": "EBI SCXA to AnnData (Scanpy) or Seurat Object",
      "programmingLanguage": {
        "@id": "https://w3id.org/workflowhub/workflow-ro-crate#galaxy"
      },
      "image": {
        "@id": "graph.png"
      }
    },
    {
      "@id": "graph.png",
      "@type": [
        "File",
        "ImageObject",
        "WorkflowSketch"
      ],
      "contentSize": 0
    },
    {
      "@id": "https://w3id.org/workflowhub/workflow-ro-crate#galaxy",
      "@type": "ComputerLanguage",
      "identifier": {
        "@id": "https://galaxyproject.org/"
      },
      "name": "Galaxy",
      "url": {
        "@id": "https://galaxyproject.org/"
      },
      "version": "23.1"
    },
    {
      "@id": "https://orcid.org/0009-0001-2017-8805",
      "@type": "Person",
      "name": "Julia Jakiela"
    }
  ]
}