{
  "@context": "https://w3id.org/ro/crate/1.1/context",
  "@graph": [
    {
      "@id": "ro-crate-metadata.json",
      "@type": "CreativeWork",
      "about": {
        "@id": "./"
      },
      "conformsTo": [
        {
          "@id": "https://w3id.org/ro/crate/1.1"
        },
        {
          "@id": "https://about.workflowhub.eu/Workflow-RO-Crate/"
        }
      ]
    },
    {
      "@id": "./",
      "@type": "Dataset",
      "datePublished": "2024-04-06T00:05:14.858+00:00",
      "mainEntity": {
        "@id": "checking-expected-species-and-contamination-in-bacterial-isolate.ga"
      }
    },
    {
      "@id": "checking-expected-species-and-contamination-in-bacterial-isolate.ga",
      "@type": [
        "File",
        "SoftwareSourceCode",
        "ComputationalWorkflow"
      ],
      "author": [
        {
          "@id": "https://orcid.org/0000-0002-8304-138X"
        },
        {
          "@id": "https://orcid.org/https://orcid.org/0000-0001-9852-1987"
        }
      ],
      "license": {
        "@id": "https://spdx.org/licenses/GPL-3.0-or-later"
      },
      "name": "Checking expected species and contamination in bacterial isolate",
      "version": 3,
      "programmingLanguage": {
        "@id": "https://w3id.org/workflowhub/workflow-ro-crate#galaxy"
      }
    },
    {
      "@id": "https://spdx.org/licenses/GPL-3.0-or-later",
      "@type": "CreativeWork",
      "name": "GPL-3.0-or-later"
    },
    {
      "@id": "https://w3id.org/workflowhub/workflow-ro-crate#galaxy",
      "@type": "ComputerLanguage",
      "identifier": {
        "@id": "https://galaxyproject.org/"
      },
      "name": "Galaxy",
      "url": {
        "@id": "https://galaxyproject.org/"
      },
      "version": "23.1"
    },
    {
      "@id": "https://orcid.org/0000-0002-8304-138X",
      "@type": "Person",
      "name": "Pierre"
    },
    {
      "@id": "https://orcid.org/https://orcid.org/0000-0001-9852-1987",
      "@type": "Person",
      "name": "Bérénice Batut"
    }
  ]
}