{
  "@context": [
    "https://w3id.org/ro/crate/1.1/context"
  ],
  "@graph": [
    {
      "@id": "ro-crate-metadata.json",
      "@type": "CreativeWork",
      "about": {
        "@id": "https://training.galaxyproject.org/training-material/topics/assembly/tutorials/largegenome/workflows/Galaxy-Workflow-Trim_and_filter_reads.html"
      },
      "conformsTo": {
        "@id": "https://w3id.org/ro/crate/1.1"
      }
    },
    {
      "@id": "https://training.galaxyproject.org/training-material/topics/assembly/tutorials/largegenome/workflows/Galaxy-Workflow-Trim_and_filter_reads.html",
      "@type": "Dataset",
      "name": "Trim and filter reads - fastp - upgraded ",
      "description": "## Associated Tutorial\n\nThis workflows is part of the tutorial [Trim and filter reads - fastp - upgraded ](https://training.galaxyproject.org/training-material/topics/assembly/tutorials/largegenome/tutorial.html), available in the [GTN](https://training.galaxyproject.org)\n\n## Features\n\n* Includes a [Galaxy Workflow Report](https://training.galaxyproject.org/training-material/faqs/galaxy/workflows_report_view.html)\n\n## Thanks to...\n\n**Tutorial Author(s)**: [Anna Syme](https://training.galaxyproject.org/training-material/hall-of-fame/annasyme/)\n\n**Workflow Author(s)**: Anna Syme\n\n[![gtn star logo followed by the word workflows](http://galaxy-training.s3-website.us-east-1.amazonaws.com/misc/gtn-workflows.png)](https://training.galaxyproject.org/training-material/)",
      "version": "2.0",
      "license": "https://spdx.org/licenses/GPL-3.0-or-later",
      "datePublished": "2024-07-16T10:50:59.856+00:00",
      "mainEntity": {
        "@id": "galaxy-workflow-trim-and-filter-reads.ga"
      },
      "hasPart": [
        {
          "@id": "galaxy-workflow-trim-and-filter-reads.ga"
        },
        {
          "@id": "graph.png"
        }
      ]
    },
    {
      "@id": "galaxy-workflow-trim-and-filter-reads.ga",
      "@type": [
        "File",
        "SoftwareSourceCode",
        "ComputationalWorkflow"
      ],
      "author": [
        {
          "@id": "https://orcid.org/0000-0002-9906-0673"
        }
      ],
      "name": "Trim and filter reads - fastp - upgraded ",
      "programmingLanguage": {
        "@id": "https://w3id.org/workflowhub/workflow-ro-crate#galaxy"
      },
      "image": {
        "@id": "graph.png"
      }
    },
    {
      "@id": "graph.png",
      "@type": [
        "File",
        "ImageObject",
        "WorkflowSketch"
      ],
      "contentSize": 0
    },
    {
      "@id": "https://w3id.org/workflowhub/workflow-ro-crate#galaxy",
      "@type": "ComputerLanguage",
      "identifier": {
        "@id": "https://galaxyproject.org/"
      },
      "name": "Galaxy",
      "url": {
        "@id": "https://galaxyproject.org/"
      },
      "version": "23.1"
    },
    {
      "@id": "https://orcid.org/0000-0002-9906-0673",
      "@type": "Person",
      "name": "Anna Syme"
    }
  ]
}