{
  "@context": [
    "https://w3id.org/ro/crate/1.1/context"
  ],
  "@graph": [
    {
      "@id": "ro-crate-metadata.json",
      "@type": "CreativeWork",
      "about": {
        "@id": "https://training.galaxyproject.org/training-material/topics/statistics/tutorials/clustering_machinelearning/workflows/clustering.html"
      },
      "conformsTo": {
        "@id": "https://w3id.org/ro/crate/1.1"
      }
    },
    {
      "@id": "https://training.galaxyproject.org/training-material/topics/statistics/tutorials/clustering_machinelearning/workflows/clustering.html",
      "@type": "Dataset",
      "name": "Clustering in Machine Learning",
      "description": "Clustering in Machine Learning\n\n## Associated Tutorial\n\nThis workflows is part of the tutorial [Clustering in Machine Learning](https://training.galaxyproject.org/training-material/topics/statistics/tutorials/clustering_machinelearning/tutorial.html), available in the [GTN](https://training.galaxyproject.org)\n\n## Features\n\n* Includes [Galaxy Workflow Tests](https://training.galaxyproject.org/training-material/faqs/gtn/workflow_run_test.html)\n\n## Thanks to...\n\n**Tutorial Author(s)**: [Alireza Khanteymoori](https://training.galaxyproject.org/training-material/hall-of-fame/khanteymoori/), [Anup Kumar](https://training.galaxyproject.org/training-material/hall-of-fame/anuprulez/)\n\n[![gtn star logo followed by the word workflows](https://training.galaxyproject.org/training-material/assets/branding/gtn-workflows.png)](https://training.galaxyproject.org/training-material/)",
      "version": "2.0",
      "license": "https://spdx.org/licenses/CC-BY-4.0",
      "datePublished": "2024-08-23T00:05:58.098+00:00",
      "mainEntity": {
        "@id": "clustering.ga"
      },
      "hasPart": [
        {
          "@id": "clustering.ga"
        },
        {
          "@id": "graph.png"
        }
      ]
    },
    {
      "@id": "clustering.ga",
      "@type": [
        "File",
        "SoftwareSourceCode",
        "ComputationalWorkflow"
      ],
      "author": [

      ],
      "name": "Clustering in Machine Learning",
      "programmingLanguage": {
        "@id": "https://w3id.org/workflowhub/workflow-ro-crate#galaxy"
      },
      "image": {
        "@id": "graph.png"
      }
    },
    {
      "@id": "graph.png",
      "@type": [
        "File",
        "ImageObject",
        "WorkflowSketch"
      ],
      "contentSize": 0
    },
    {
      "@id": "https://w3id.org/workflowhub/workflow-ro-crate#galaxy",
      "@type": "ComputerLanguage",
      "identifier": {
        "@id": "https://galaxyproject.org/"
      },
      "name": "Galaxy",
      "url": {
        "@id": "https://galaxyproject.org/"
      },
      "version": "23.1"
    }
  ]
}