{
  "@context": "https://w3id.org/ro/crate/1.1/context",
  "@graph": [
    {
      "@id": "ro-crate-metadata.json",
      "@type": "CreativeWork",
      "about": {
        "@id": "./"
      },
      "conformsTo": [
        {
          "@id": "https://w3id.org/ro/crate/1.1"
        },
        {
          "@id": "https://about.workflowhub.eu/Workflow-RO-Crate/"
        }
      ]
    },
    {
      "@id": "./",
      "@type": "Dataset",
      "datePublished": "2024-04-29T07:28:39.638+00:00",
      "mainEntity": {
        "@id": "main_workflow.ga"
      }
    },
    {
      "@id": "main_workflow.ga",
      "@type": [
        "File",
        "SoftwareSourceCode",
        "ComputationalWorkflow"
      ],
      "author": [
        {
          "@id": "#ee188242-810a-4dc8-abe1-0d06711d1c10"
        },
        {
          "@id": "#e7b137b1-aa0a-44b4-b912-6efb77059d06"
        },
        {
          "@id": "#c15932e7-5ad6-469b-8a74-c2d76c8b2e29"
        },
        {
          "@id": "#6ab295fa-0369-4a44-a79e-6a721cf7c4e4"
        },
        {
          "@id": "#d4357c67-f440-4663-a721-25f29ad4ad9a"
        }
      ],
      "license": {
        "@id": "https://spdx.org/licenses/GPL-3.0-or-later"
      },
      "name": "Genome Assembly Quality Control",
      "version": 1,
      "programmingLanguage": {
        "@id": "https://w3id.org/workflowhub/workflow-ro-crate#galaxy"
      }
    },
    {
      "@id": "https://spdx.org/licenses/GPL-3.0-or-later",
      "@type": "CreativeWork",
      "name": "GPL-3.0-or-later"
    },
    {
      "@id": "https://w3id.org/workflowhub/workflow-ro-crate#galaxy",
      "@type": "ComputerLanguage",
      "identifier": {
        "@id": "https://galaxyproject.org/"
      },
      "name": "Galaxy",
      "url": {
        "@id": "https://galaxyproject.org/"
      },
      "version": "23.1"
    },
    {
      "@id": "#ee188242-810a-4dc8-abe1-0d06711d1c10",
      "@type": "Person",
      "name": "Erwan Corre"
    },
    {
      "@id": "#e7b137b1-aa0a-44b4-b912-6efb77059d06",
      "@type": "Person",
      "name": "Stéphanie Robin"
    },
    {
      "@id": "#c15932e7-5ad6-469b-8a74-c2d76c8b2e29",
      "@type": "Person",
      "name": "Anthony Bretaudeau"
    },
    {
      "@id": "#6ab295fa-0369-4a44-a79e-6a721cf7c4e4",
      "@type": "Person",
      "name": "Alexandre Cormier"
    },
    {
      "@id": "#d4357c67-f440-4663-a721-25f29ad4ad9a",
      "@type": "Person",
      "name": "Laura Leroi"
    }
  ]
}