{
  "@context": "https://w3id.org/ro/crate/1.1/context",
  "@graph": [
    {
      "@id": "ro-crate-metadata.json",
      "@type": "CreativeWork",
      "about": {
        "@id": "./"
      },
      "conformsTo": [
        {
          "@id": "https://w3id.org/ro/crate/1.1"
        },
        {
          "@id": "https://about.workflowhub.eu/Workflow-RO-Crate/"
        }
      ]
    },
    {
      "@id": "./",
      "@type": "Dataset",
      "datePublished": "2024-03-04T16:26:32.171+00:00",
      "mainEntity": {
        "@id": "main_workflow.ga"
      }
    },
    {
      "@id": "main_workflow.ga",
      "@type": [
        "File",
        "SoftwareSourceCode",
        "ComputationalWorkflow"
      ],
      "author": [
        {
          "@id": "#1aa66050-61fa-4a24-baf1-f1d8747c3058"
        },
        {
          "@id": "#b082d917-8efd-49a7-9b72-985aa68a5ac9"
        },
        {
          "@id": "#bd2ff755-e478-4fbc-b25d-c4f094f8faa8"
        },
        {
          "@id": "#fb61552d-34f7-4532-9f1f-27930b841d6c"
        },
        {
          "@id": "#a5d468b4-1106-4632-ba77-bbcae9999572"
        }
      ],
      "license": {
        "@id": "https://spdx.org/licenses/GPL-3.0-or-later"
      },
      "name": "Genome Assembly Quality Control",
      "version": 1,
      "programmingLanguage": {
        "@id": "https://w3id.org/workflowhub/workflow-ro-crate#galaxy"
      }
    },
    {
      "@id": "https://spdx.org/licenses/GPL-3.0-or-later",
      "@type": "CreativeWork",
      "name": "GPL-3.0-or-later"
    },
    {
      "@id": "https://w3id.org/workflowhub/workflow-ro-crate#galaxy",
      "@type": "ComputerLanguage",
      "identifier": {
        "@id": "https://galaxyproject.org/"
      },
      "name": "Galaxy",
      "url": {
        "@id": "https://galaxyproject.org/"
      },
      "version": "23.1"
    },
    {
      "@id": "#1aa66050-61fa-4a24-baf1-f1d8747c3058",
      "@type": "Person",
      "name": "Erwan Corre"
    },
    {
      "@id": "#b082d917-8efd-49a7-9b72-985aa68a5ac9",
      "@type": "Person",
      "name": "Stéphanie Robin"
    },
    {
      "@id": "#bd2ff755-e478-4fbc-b25d-c4f094f8faa8",
      "@type": "Person",
      "name": "Anthony Bretaudeau"
    },
    {
      "@id": "#fb61552d-34f7-4532-9f1f-27930b841d6c",
      "@type": "Person",
      "name": "Alexandre Cormier"
    },
    {
      "@id": "#a5d468b4-1106-4632-ba77-bbcae9999572",
      "@type": "Person",
      "name": "Laura Leroi"
    }
  ]
}