{
  "@context": "https://w3id.org/ro/crate/1.1/context",
  "@graph": [
    {
      "@id": "ro-crate-metadata.json",
      "@type": "CreativeWork",
      "about": {
        "@id": "./"
      },
      "conformsTo": [
        {
          "@id": "https://w3id.org/ro/crate/1.1"
        },
        {
          "@id": "https://about.workflowhub.eu/Workflow-RO-Crate/"
        }
      ]
    },
    {
      "@id": "./",
      "@type": "Dataset",
      "datePublished": "2024-02-20T13:31:49.797+00:00",
      "mainEntity": {
        "@id": "main_workflow.ga"
      }
    },
    {
      "@id": "main_workflow.ga",
      "@type": [
        "File",
        "SoftwareSourceCode",
        "ComputationalWorkflow"
      ],
      "author": [
        {
          "@id": "#12ccae4b-6df1-4ca6-95b0-f74f97f59aca"
        },
        {
          "@id": "#0912727c-8cab-4fec-a1e7-a7967f8a1dc7"
        },
        {
          "@id": "#1d460879-1b52-484c-a6c4-b3f7ece7ee17"
        },
        {
          "@id": "#a87f7d84-1584-45c1-9eb5-81f3a35dc225"
        },
        {
          "@id": "#d3234c53-06a6-4852-a854-5afa95dd3a2d"
        }
      ],
      "license": {
        "@id": "https://spdx.org/licenses/GPL-3.0-or-later"
      },
      "name": "Genome Assembly Quality Control",
      "version": 1,
      "programmingLanguage": {
        "@id": "https://w3id.org/workflowhub/workflow-ro-crate#galaxy"
      }
    },
    {
      "@id": "https://spdx.org/licenses/GPL-3.0-or-later",
      "@type": "CreativeWork",
      "name": "GPL-3.0-or-later"
    },
    {
      "@id": "https://w3id.org/workflowhub/workflow-ro-crate#galaxy",
      "@type": "ComputerLanguage",
      "identifier": {
        "@id": "https://galaxyproject.org/"
      },
      "name": "Galaxy",
      "url": {
        "@id": "https://galaxyproject.org/"
      },
      "version": "23.1"
    },
    {
      "@id": "#12ccae4b-6df1-4ca6-95b0-f74f97f59aca",
      "@type": "Person",
      "name": "Erwan Corre"
    },
    {
      "@id": "#0912727c-8cab-4fec-a1e7-a7967f8a1dc7",
      "@type": "Person",
      "name": "Stéphanie Robin"
    },
    {
      "@id": "#1d460879-1b52-484c-a6c4-b3f7ece7ee17",
      "@type": "Person",
      "name": "Anthony Bretaudeau"
    },
    {
      "@id": "#a87f7d84-1584-45c1-9eb5-81f3a35dc225",
      "@type": "Person",
      "name": "Alexandre Cormier"
    },
    {
      "@id": "#d3234c53-06a6-4852-a854-5afa95dd3a2d",
      "@type": "Person",
      "name": "Laura Leroi"
    }
  ]
}