{
  "@context": [
    "https://w3id.org/ro/crate/1.1/context"
  ],
  "@graph": [
    {
      "@id": "ro-crate-metadata.json",
      "@type": "CreativeWork",
      "about": {
        "@id": "https://training.galaxyproject.org/training-material/topics/epigenetics/tutorials/tal1-binding-site-identification/workflows/tal1-binding-site-identification-workflow.html"
      },
      "conformsTo": {
        "@id": "https://w3id.org/ro/crate/1.1"
      }
    },
    {
      "@id": "https://training.galaxyproject.org/training-material/topics/epigenetics/tutorials/tal1-binding-site-identification/workflows/tal1-binding-site-identification-workflow.html",
      "@type": "Dataset",
      "name": "Identification of the binding sites of the T-cell acute lymphocytic leukemia protein 1 (TAL1)",
      "description": "Identification of the binding sites of the T-cell acute lymphocytic leukemia protein 1 (TAL1)\n\n## Associated Tutorial\n\nThis workflows is part of the tutorial [Identification of the binding sites of the T-cell acute lymphocytic leukemia protein 1 (TAL1)](https://training.galaxyproject.org/training-material/topics/epigenetics/tutorials/tal1-binding-site-identification/tutorial.html), available in the [GTN](https://training.galaxyproject.org)\n\n## Features\n\n* Includes [Galaxy Workflow Tests](https://training.galaxyproject.org/training-material/faqs/gtn/workflow_run_test.html)\n\n## Thanks to...\n\n**Tutorial Author(s)**: [Mallory Freeberg](https://training.galaxyproject.org/training-material/hall-of-fame/malloryfreeberg/), [Mo Heydarian](https://training.galaxyproject.org/training-material/hall-of-fame/moheydarian/), [Vivek Bhardwaj](https://training.galaxyproject.org/training-material/hall-of-fame/vivekbhr/), [Joachim Wolff](https://training.galaxyproject.org/training-material/hall-of-fame/joachimwolff/), [Anika Erxleben](https://training.galaxyproject.org/training-material/hall-of-fame/erxleben/)\n\n[![gtn star logo followed by the word workflows](http://galaxy-training.s3-website.us-east-1.amazonaws.com/misc/gtn-workflows.png)](https://training.galaxyproject.org/training-material/)",
      "version": "5.0",
      "license": "https://spdx.org/licenses/CC-BY-4.0",
      "datePublished": "2024-06-28T00:05:30.089+00:00",
      "mainEntity": {
        "@id": "tal1-binding-site-identification-workflow.ga"
      },
      "hasPart": [
        {
          "@id": "tal1-binding-site-identification-workflow.ga"
        },
        {
          "@id": "graph.png"
        }
      ]
    },
    {
      "@id": "tal1-binding-site-identification-workflow.ga",
      "@type": [
        "File",
        "SoftwareSourceCode",
        "ComputationalWorkflow"
      ],
      "author": [

      ],
      "name": "Identification of the binding sites of the T-cell acute lymphocytic leukemia protein 1 (TAL1)",
      "programmingLanguage": {
        "@id": "https://w3id.org/workflowhub/workflow-ro-crate#galaxy"
      },
      "image": {
        "@id": "graph.png"
      }
    },
    {
      "@id": "graph.png",
      "@type": [
        "File",
        "ImageObject",
        "WorkflowSketch"
      ],
      "contentSize": 0
    },
    {
      "@id": "https://w3id.org/workflowhub/workflow-ro-crate#galaxy",
      "@type": "ComputerLanguage",
      "identifier": {
        "@id": "https://galaxyproject.org/"
      },
      "name": "Galaxy",
      "url": {
        "@id": "https://galaxyproject.org/"
      },
      "version": "23.1"
    }
  ]
}