{
  "@context": [
    "https://w3id.org/ro/crate/1.1/context"
  ],
  "@graph": [
    {
      "@id": "ro-crate-metadata.json",
      "@type": "CreativeWork",
      "about": {
        "@id": "https://training.galaxyproject.org/training-material/topics/visualisation/tutorials/circos-microbial/workflows/main_workflow.html"
      },
      "conformsTo": {
        "@id": "https://w3id.org/ro/crate/1.1"
      }
    },
    {
      "@id": "https://training.galaxyproject.org/training-material/topics/visualisation/tutorials/circos-microbial/workflows/main_workflow.html",
      "@type": "Dataset",
      "name": "Circos for E. Coli",
      "description": "This workflow will create a simple plot of a microbial sized genome (e.g. E. coli) using a couple of datasets like sequencing depth (bigwigs), gff3 formatted annotations, and some variants.\n\n## Associated Tutorial\n\nThis workflows is part of the tutorial [Ploting a Microbial Genome with Circos](https://training.galaxyproject.org/training-material/topics/visualisation/tutorials/circos-microbial/tutorial.html), available in the [GTN](https://training.galaxyproject.org)\n\n## Features\n\n* Includes [Galaxy Workflow Tests](https://training.galaxyproject.org/training-material/faqs/gtn/workflow_run_test.html)\n\n## Thanks to...\n\n**Workflow Author(s)**: Helena Rasche\n\n**Tutorial Author(s)**: [Helena Rasche](https://training.galaxyproject.org/training-material/hall-of-fame/hexylena/)\n\n**Funder(s)**: [Gallantries: Bridging Training Communities in Life Science, Environment and Health](https://training.galaxyproject.org/training-material/hall-of-fame/gallantries/)\n\n[![gtn star logo followed by the word workflows](https://training.galaxyproject.org/training-material/assets/branding/gtn-workflows.png)](https://training.galaxyproject.org/training-material/)",
      "version": "1.0",
      "license": "https://spdx.org/licenses/AGPL-3.0-or-later",
      "datePublished": "2024-09-15T00:06:46.769+00:00",
      "mainEntity": {
        "@id": "main-workflow.ga"
      },
      "hasPart": [
        {
          "@id": "main-workflow.ga"
        },
        {
          "@id": "graph.png"
        }
      ]
    },
    {
      "@id": "main-workflow.ga",
      "@type": [
        "File",
        "SoftwareSourceCode",
        "ComputationalWorkflow"
      ],
      "author": [
        {
          "@id": "https://orcid.org/0000-0001-9760-8992"
        }
      ],
      "name": "Circos for E. Coli",
      "programmingLanguage": {
        "@id": "https://w3id.org/workflowhub/workflow-ro-crate#galaxy"
      },
      "image": {
        "@id": "graph.png"
      }
    },
    {
      "@id": "graph.png",
      "@type": [
        "File",
        "ImageObject",
        "WorkflowSketch"
      ],
      "contentSize": 0
    },
    {
      "@id": "https://w3id.org/workflowhub/workflow-ro-crate#galaxy",
      "@type": "ComputerLanguage",
      "identifier": {
        "@id": "https://galaxyproject.org/"
      },
      "name": "Galaxy",
      "url": {
        "@id": "https://galaxyproject.org/"
      },
      "version": "23.1"
    },
    {
      "@id": "https://orcid.org/0000-0001-9760-8992",
      "@type": "Person",
      "name": "Helena Rasche"
    }
  ]
}