{
  "@context": [
    "https://w3id.org/ro/crate/1.1/context"
  ],
  "@graph": [
    {
      "@id": "ro-crate-metadata.json",
      "@type": "CreativeWork",
      "about": {
        "@id": "https://training.galaxyproject.org/training-material/topics/assembly/tutorials/assembly-quality-control/workflows/main_workflow.html"
      },
      "conformsTo": {
        "@id": "https://w3id.org/ro/crate/1.1"
      }
    },
    {
      "@id": "https://training.galaxyproject.org/training-material/topics/assembly/tutorials/assembly-quality-control/workflows/main_workflow.html",
      "@type": "Dataset",
      "name": "Genome Assembly Quality Control",
      "description": "Genome assembly quality control using PacBio data and with reference genome\n\n## Associated Tutorial\n\nThis workflows is part of the tutorial [Genome Assembly Quality Control](https://training.galaxyproject.org/training-material/topics/assembly/tutorials/assembly-quality-control/tutorial.html), available in the [GTN](https://training.galaxyproject.org)\n\n\n\n\n\n## Thanks to...\n\n**Tutorial Author(s)**: [Anthony Bretaudeau](https://training.galaxyproject.org/training-material/hall-of-fame/abretaud/), [Alexandre Cormier](https://training.galaxyproject.org/training-material/hall-of-fame/alexcorm/), [Erwan Corre](https://training.galaxyproject.org/training-material/hall-of-fame/r1corre/), [Laura Leroi](https://training.galaxyproject.org/training-material/hall-of-fame/lleroi/), [Stéphanie Robin](https://training.galaxyproject.org/training-material/hall-of-fame/stephanierobin/)\n\n**Workflow Author(s)**: Erwan Corre, Stéphanie Robin, Anthony Bretaudeau, Alexandre Cormier, Laura Leroi\n\n[![gtn star logo followed by the word workflows](http://galaxy-training.s3-website.us-east-1.amazonaws.com/misc/gtn-workflows.png)](https://training.galaxyproject.org/training-material/)",
      "version": "1.0",
      "license": "https://spdx.org/licenses/GPL-3.0-or-later",
      "datePublished": "2024-06-29T04:28:23.245+00:00",
      "mainEntity": {
        "@id": "main-workflow.ga"
      },
      "hasPart": [
        {
          "@id": "main-workflow.ga"
        },
        {
          "@id": "graph.png"
        }
      ]
    },
    {
      "@id": "main-workflow.ga",
      "@type": [
        "File",
        "SoftwareSourceCode",
        "ComputationalWorkflow"
      ],
      "author": [
        {
          "@id": "#617de27f-981a-42d9-8b31-3eac9f1c3a1e"
        },
        {
          "@id": "#65ec7508-6897-4dc1-8768-6b9eb024781d"
        },
        {
          "@id": "#7fb9c458-70be-4dee-8700-7848c34cb61f"
        },
        {
          "@id": "#417ab4b9-db7e-4071-8164-c6dd496e6dd3"
        },
        {
          "@id": "#d5a6d670-0a51-464f-af83-8f092e34c7c8"
        }
      ],
      "name": "Genome Assembly Quality Control",
      "programmingLanguage": {
        "@id": "https://w3id.org/workflowhub/workflow-ro-crate#galaxy"
      },
      "image": {
        "@id": "graph.png"
      }
    },
    {
      "@id": "graph.png",
      "@type": [
        "File",
        "ImageObject",
        "WorkflowSketch"
      ],
      "contentSize": 0
    },
    {
      "@id": "https://w3id.org/workflowhub/workflow-ro-crate#galaxy",
      "@type": "ComputerLanguage",
      "identifier": {
        "@id": "https://galaxyproject.org/"
      },
      "name": "Galaxy",
      "url": {
        "@id": "https://galaxyproject.org/"
      },
      "version": "23.1"
    },
    {
      "@id": "#617de27f-981a-42d9-8b31-3eac9f1c3a1e",
      "@type": "Person",
      "name": "Erwan Corre"
    },
    {
      "@id": "#65ec7508-6897-4dc1-8768-6b9eb024781d",
      "@type": "Person",
      "name": "Stéphanie Robin"
    },
    {
      "@id": "#7fb9c458-70be-4dee-8700-7848c34cb61f",
      "@type": "Person",
      "name": "Anthony Bretaudeau"
    },
    {
      "@id": "#417ab4b9-db7e-4071-8164-c6dd496e6dd3",
      "@type": "Person",
      "name": "Alexandre Cormier"
    },
    {
      "@id": "#d5a6d670-0a51-464f-af83-8f092e34c7c8",
      "@type": "Person",
      "name": "Laura Leroi"
    }
  ]
}