{
  "@context": [
    "https://w3id.org/ro/crate/1.1/context"
  ],
  "@graph": [
    {
      "@id": "ro-crate-metadata.json",
      "@type": "CreativeWork",
      "about": {
        "@id": "https://training.galaxyproject.org/training-material/topics/assembly/tutorials/assembly-quality-control/workflows/main_workflow.html"
      },
      "conformsTo": {
        "@id": "https://w3id.org/ro/crate/1.1"
      }
    },
    {
      "@id": "https://training.galaxyproject.org/training-material/topics/assembly/tutorials/assembly-quality-control/workflows/main_workflow.html",
      "@type": "Dataset",
      "name": "Genome Assembly Quality Control",
      "description": "Genome assembly quality control using PacBio data and with reference genome\n\n## Associated Tutorial\n\nThis workflows is part of the tutorial [Genome Assembly Quality Control](https://training.galaxyproject.org/training-material/topics/assembly/tutorials/assembly-quality-control/tutorial.html), available in the [GTN](https://training.galaxyproject.org)\n\n\n\n\n\n## Thanks to...\n\n**Tutorial Author(s)**: [Anthony Bretaudeau](https://training.galaxyproject.org/training-material/hall-of-fame/abretaud/), [Alexandre Cormier](https://training.galaxyproject.org/training-material/hall-of-fame/alexcorm/), [Erwan Corre](https://training.galaxyproject.org/training-material/hall-of-fame/r1corre/), [Laura Leroi](https://training.galaxyproject.org/training-material/hall-of-fame/lleroi/), [Stéphanie Robin](https://training.galaxyproject.org/training-material/hall-of-fame/stephanierobin/)\n\n**Workflow Author(s)**: Erwan Corre, Stéphanie Robin, Anthony Bretaudeau, Alexandre Cormier, Laura Leroi\n\n[![gtn star logo followed by the word workflows](http://galaxy-training.s3-website.us-east-1.amazonaws.com/misc/gtn-workflows.png)](https://training.galaxyproject.org/training-material/)",
      "version": "1.0",
      "license": "https://spdx.org/licenses/GPL-3.0-or-later",
      "datePublished": "2024-07-10T17:16:28.023+00:00",
      "mainEntity": {
        "@id": "main-workflow.ga"
      },
      "hasPart": [
        {
          "@id": "main-workflow.ga"
        },
        {
          "@id": "graph.png"
        }
      ]
    },
    {
      "@id": "main-workflow.ga",
      "@type": [
        "File",
        "SoftwareSourceCode",
        "ComputationalWorkflow"
      ],
      "author": [
        {
          "@id": "#9d3fcc8e-2836-4852-becf-7410591200a1"
        },
        {
          "@id": "#bf5a9624-078f-443b-944c-a0a2a77c6731"
        },
        {
          "@id": "#94a6a956-1e7b-4eb4-b371-776d2d47164b"
        },
        {
          "@id": "#faaaf020-6770-4a98-a8e3-0fc47dcf35e3"
        },
        {
          "@id": "#f7964d71-be59-4b93-8c65-9a75e2423976"
        }
      ],
      "name": "Genome Assembly Quality Control",
      "programmingLanguage": {
        "@id": "https://w3id.org/workflowhub/workflow-ro-crate#galaxy"
      },
      "image": {
        "@id": "graph.png"
      }
    },
    {
      "@id": "graph.png",
      "@type": [
        "File",
        "ImageObject",
        "WorkflowSketch"
      ],
      "contentSize": 0
    },
    {
      "@id": "https://w3id.org/workflowhub/workflow-ro-crate#galaxy",
      "@type": "ComputerLanguage",
      "identifier": {
        "@id": "https://galaxyproject.org/"
      },
      "name": "Galaxy",
      "url": {
        "@id": "https://galaxyproject.org/"
      },
      "version": "23.1"
    },
    {
      "@id": "#9d3fcc8e-2836-4852-becf-7410591200a1",
      "@type": "Person",
      "name": "Erwan Corre"
    },
    {
      "@id": "#bf5a9624-078f-443b-944c-a0a2a77c6731",
      "@type": "Person",
      "name": "Stéphanie Robin"
    },
    {
      "@id": "#94a6a956-1e7b-4eb4-b371-776d2d47164b",
      "@type": "Person",
      "name": "Anthony Bretaudeau"
    },
    {
      "@id": "#faaaf020-6770-4a98-a8e3-0fc47dcf35e3",
      "@type": "Person",
      "name": "Alexandre Cormier"
    },
    {
      "@id": "#f7964d71-be59-4b93-8c65-9a75e2423976",
      "@type": "Person",
      "name": "Laura Leroi"
    }
  ]
}