{
  "@context": [
    "https://w3id.org/ro/crate/1.1/context"
  ],
  "@graph": [
    {
      "@id": "ro-crate-metadata.json",
      "@type": "CreativeWork",
      "about": {
        "@id": "https://training.galaxyproject.org/training-material/topics/assembly/tutorials/assembly-quality-control/workflows/main_workflow.html"
      },
      "conformsTo": {
        "@id": "https://w3id.org/ro/crate/1.1"
      }
    },
    {
      "@id": "https://training.galaxyproject.org/training-material/topics/assembly/tutorials/assembly-quality-control/workflows/main_workflow.html",
      "@type": "Dataset",
      "name": "Genome Assembly Quality Control",
      "description": "Genome assembly quality control using PacBio data and with reference genome\n\n## Associated Tutorial\n\nThis workflows is part of the tutorial [Genome Assembly Quality Control](https://training.galaxyproject.org/training-material/topics/assembly/tutorials/assembly-quality-control/tutorial.html), available in the [GTN](https://training.galaxyproject.org)\n\n\n\n\n\n## Thanks to...\n\n**Workflow Author(s)**: Erwan Corre, Stéphanie Robin, Anthony Bretaudeau, Alexandre Cormier, Laura Leroi\n\n**Tutorial Author(s)**: [Anthony Bretaudeau](https://training.galaxyproject.org/training-material/hall-of-fame/abretaud/), [Alexandre Cormier](https://training.galaxyproject.org/training-material/hall-of-fame/alexcorm/), [Erwan Corre](https://training.galaxyproject.org/training-material/hall-of-fame/r1corre/), [Laura Leroi](https://training.galaxyproject.org/training-material/hall-of-fame/lleroi/), [Stéphanie Robin](https://training.galaxyproject.org/training-material/hall-of-fame/stephanierobin/)\n\n[![gtn star logo followed by the word workflows](https://training.galaxyproject.org/training-material/assets/branding/gtn-workflows.png)](https://training.galaxyproject.org/training-material/)",
      "version": "1.0",
      "license": "https://spdx.org/licenses/GPL-3.0-or-later",
      "datePublished": "2024-08-09T08:49:45.561+00:00",
      "mainEntity": {
        "@id": "main-workflow.ga"
      },
      "hasPart": [
        {
          "@id": "main-workflow.ga"
        },
        {
          "@id": "graph.png"
        }
      ]
    },
    {
      "@id": "main-workflow.ga",
      "@type": [
        "File",
        "SoftwareSourceCode",
        "ComputationalWorkflow"
      ],
      "author": [
        {
          "@id": "#0b0f3633-a262-4d3e-8c9b-62a6913f8b2a"
        },
        {
          "@id": "#5b7003f2-f552-4c9b-a02e-10055b3d9c78"
        },
        {
          "@id": "#b853d2d6-86e8-4c7f-82c7-20bfac2a7014"
        },
        {
          "@id": "#4afd07c6-86b5-4c25-a982-8fb4327ea291"
        },
        {
          "@id": "#0c5ff377-cce9-4695-9292-db519637ecd7"
        }
      ],
      "name": "Genome Assembly Quality Control",
      "programmingLanguage": {
        "@id": "https://w3id.org/workflowhub/workflow-ro-crate#galaxy"
      },
      "image": {
        "@id": "graph.png"
      }
    },
    {
      "@id": "graph.png",
      "@type": [
        "File",
        "ImageObject",
        "WorkflowSketch"
      ],
      "contentSize": 0
    },
    {
      "@id": "https://w3id.org/workflowhub/workflow-ro-crate#galaxy",
      "@type": "ComputerLanguage",
      "identifier": {
        "@id": "https://galaxyproject.org/"
      },
      "name": "Galaxy",
      "url": {
        "@id": "https://galaxyproject.org/"
      },
      "version": "23.1"
    },
    {
      "@id": "#0b0f3633-a262-4d3e-8c9b-62a6913f8b2a",
      "@type": "Person",
      "name": "Erwan Corre"
    },
    {
      "@id": "#5b7003f2-f552-4c9b-a02e-10055b3d9c78",
      "@type": "Person",
      "name": "Stéphanie Robin"
    },
    {
      "@id": "#b853d2d6-86e8-4c7f-82c7-20bfac2a7014",
      "@type": "Person",
      "name": "Anthony Bretaudeau"
    },
    {
      "@id": "#4afd07c6-86b5-4c25-a982-8fb4327ea291",
      "@type": "Person",
      "name": "Alexandre Cormier"
    },
    {
      "@id": "#0c5ff377-cce9-4695-9292-db519637ecd7",
      "@type": "Person",
      "name": "Laura Leroi"
    }
  ]
}