{
  "@context": [
    "https://w3id.org/ro/crate/1.1/context"
  ],
  "@graph": [
    {
      "@id": "ro-crate-metadata.json",
      "@type": "CreativeWork",
      "about": {
        "@id": "https://training.galaxyproject.org/training-material/topics/assembly/tutorials/assembly-quality-control/workflows/main_workflow.html"
      },
      "conformsTo": {
        "@id": "https://w3id.org/ro/crate/1.1"
      }
    },
    {
      "@id": "https://training.galaxyproject.org/training-material/topics/assembly/tutorials/assembly-quality-control/workflows/main_workflow.html",
      "@type": "Dataset",
      "name": "Genome Assembly Quality Control",
      "description": "Genome assembly quality control using PacBio data and with reference genome\n\n## Associated Tutorial\n\nThis workflows is part of the tutorial [Genome Assembly Quality Control](https://training.galaxyproject.org/training-material/topics/assembly/tutorials/assembly-quality-control/tutorial.html), available in the [GTN](https://training.galaxyproject.org)\n\n\n\n\n\n## Thanks to...\n\n**Tutorial Author(s)**: [Anthony Bretaudeau](https://training.galaxyproject.org/training-material/hall-of-fame/abretaud/), [Alexandre Cormier](https://training.galaxyproject.org/training-material/hall-of-fame/alexcorm/), [Erwan Corre](https://training.galaxyproject.org/training-material/hall-of-fame/r1corre/), [Laura Leroi](https://training.galaxyproject.org/training-material/hall-of-fame/lleroi/), [Stéphanie Robin](https://training.galaxyproject.org/training-material/hall-of-fame/stephanierobin/)\n\n**Workflow Author(s)**: Erwan Corre, Stéphanie Robin, Anthony Bretaudeau, Alexandre Cormier, Laura Leroi\n\n[![gtn star logo followed by the word workflows](http://galaxy-training.s3-website.us-east-1.amazonaws.com/misc/gtn-workflows.png)](https://training.galaxyproject.org/training-material/)",
      "version": "1.0",
      "license": "https://spdx.org/licenses/GPL-3.0-or-later",
      "datePublished": "2024-07-17T09:42:50.302+00:00",
      "mainEntity": {
        "@id": "main-workflow.ga"
      },
      "hasPart": [
        {
          "@id": "main-workflow.ga"
        },
        {
          "@id": "graph.png"
        }
      ]
    },
    {
      "@id": "main-workflow.ga",
      "@type": [
        "File",
        "SoftwareSourceCode",
        "ComputationalWorkflow"
      ],
      "author": [
        {
          "@id": "#c03965d0-c4bd-4e47-a8f7-f8290e2a0997"
        },
        {
          "@id": "#bf8ac6a0-cf01-4e70-8b49-4202dc6a21e3"
        },
        {
          "@id": "#ea7da102-df42-45d4-9310-f8551ff8bfdd"
        },
        {
          "@id": "#c29860fe-7778-42df-9b86-54bf52b3afdc"
        },
        {
          "@id": "#2553476e-691f-4e89-b073-f6c3ec95c7b4"
        }
      ],
      "name": "Genome Assembly Quality Control",
      "programmingLanguage": {
        "@id": "https://w3id.org/workflowhub/workflow-ro-crate#galaxy"
      },
      "image": {
        "@id": "graph.png"
      }
    },
    {
      "@id": "graph.png",
      "@type": [
        "File",
        "ImageObject",
        "WorkflowSketch"
      ],
      "contentSize": 0
    },
    {
      "@id": "https://w3id.org/workflowhub/workflow-ro-crate#galaxy",
      "@type": "ComputerLanguage",
      "identifier": {
        "@id": "https://galaxyproject.org/"
      },
      "name": "Galaxy",
      "url": {
        "@id": "https://galaxyproject.org/"
      },
      "version": "23.1"
    },
    {
      "@id": "#c03965d0-c4bd-4e47-a8f7-f8290e2a0997",
      "@type": "Person",
      "name": "Erwan Corre"
    },
    {
      "@id": "#bf8ac6a0-cf01-4e70-8b49-4202dc6a21e3",
      "@type": "Person",
      "name": "Stéphanie Robin"
    },
    {
      "@id": "#ea7da102-df42-45d4-9310-f8551ff8bfdd",
      "@type": "Person",
      "name": "Anthony Bretaudeau"
    },
    {
      "@id": "#c29860fe-7778-42df-9b86-54bf52b3afdc",
      "@type": "Person",
      "name": "Alexandre Cormier"
    },
    {
      "@id": "#2553476e-691f-4e89-b073-f6c3ec95c7b4",
      "@type": "Person",
      "name": "Laura Leroi"
    }
  ]
}