{
  "@context": [
    "https://w3id.org/ro/crate/1.1/context"
  ],
  "@graph": [
    {
      "@id": "ro-crate-metadata.json",
      "@type": "CreativeWork",
      "about": {
        "@id": "https://training.galaxyproject.org/training-material/topics/ecology/tutorials/phylogeny-data-prep/workflows/main_workflow.html"
      },
      "conformsTo": {
        "@id": "https://w3id.org/ro/crate/1.1"
      }
    },
    {
      "@id": "https://training.galaxyproject.org/training-material/topics/ecology/tutorials/phylogeny-data-prep/workflows/main_workflow.html",
      "@type": "Dataset",
      "name": "preparing genomic data for phylogeny recostruction (GTN)",
      "description": "This workflow begins from a set of genome assemblies of different samples, strains, species. The genome is first annotated with Funnanotate. Predicted proteins are furtner annotated with Busco. Next, 'ProteinOrtho' finds orthologs across the samples and makes orthogroups. Orthogroups where all samples are represented are extracted. Orthologs in each orthogroup are aligned with ClustalW. The alignments are cleaned with ClipKIT and the concatenation matrix is built using PhyKit. This can be used for phylogeny reconstruction.\n\n## Associated Tutorial\n\nThis workflows is part of the tutorial [preparing genomic data for phylogeny recostruction (GTN)](https://training.galaxyproject.org/training-material/topics/ecology/tutorials/phylogeny-data-prep/tutorial.html), available in the [GTN](https://training.galaxyproject.org)\n\n\n\n\n\n## Thanks to...\n\n**Tutorial Author(s)**: [Miguel Roncoroni](https://training.galaxyproject.org/training-material/hall-of-fame/roncoronimiguel/), [Brigida Gallone](https://training.galaxyproject.org/training-material/hall-of-fame/brigidagallone/)\n\n**Workflow Author(s)**: Miguel Roncoroni\n\n[![gtn star logo followed by the word workflows](http://galaxy-training.s3-website.us-east-1.amazonaws.com/misc/gtn-workflows.png)](https://training.galaxyproject.org/training-material/)",
      "version": "2.0",
      "license": "https://spdx.org/licenses/CC-BY-4.0",
      "datePublished": "2024-07-11T14:35:10.626+00:00",
      "mainEntity": {
        "@id": "main-workflow.ga"
      },
      "hasPart": [
        {
          "@id": "main-workflow.ga"
        },
        {
          "@id": "graph.png"
        }
      ]
    },
    {
      "@id": "main-workflow.ga",
      "@type": [
        "File",
        "SoftwareSourceCode",
        "ComputationalWorkflow"
      ],
      "author": [
        {
          "@id": "#ffdbdf13-2555-49d0-9f98-7bf74f8cd345"
        }
      ],
      "name": "preparing genomic data for phylogeny recostruction (GTN)",
      "programmingLanguage": {
        "@id": "https://w3id.org/workflowhub/workflow-ro-crate#galaxy"
      },
      "image": {
        "@id": "graph.png"
      }
    },
    {
      "@id": "graph.png",
      "@type": [
        "File",
        "ImageObject",
        "WorkflowSketch"
      ],
      "contentSize": 0
    },
    {
      "@id": "https://w3id.org/workflowhub/workflow-ro-crate#galaxy",
      "@type": "ComputerLanguage",
      "identifier": {
        "@id": "https://galaxyproject.org/"
      },
      "name": "Galaxy",
      "url": {
        "@id": "https://galaxyproject.org/"
      },
      "version": "23.1"
    },
    {
      "@id": "#ffdbdf13-2555-49d0-9f98-7bf74f8cd345",
      "@type": "Person",
      "name": "Miguel Roncoroni"
    }
  ]
}