{
  "@context": "https://w3id.org/ro/crate/1.1/context",
  "@graph": [
    {
      "@id": "ro-crate-metadata.json",
      "@type": "CreativeWork",
      "about": {
        "@id": "./"
      },
      "conformsTo": [
        {
          "@id": "https://w3id.org/ro/crate/1.1"
        },
        {
          "@id": "https://about.workflowhub.eu/Workflow-RO-Crate/"
        }
      ]
    },
    {
      "@id": "./",
      "@type": "Dataset",
      "datePublished": "2023-11-27T23:06:44.542+00:00",
      "mainEntity": {
        "@id": "main_workflow.ga"
      }
    },
    {
      "@id": "main_workflow.ga",
      "@type": [
        "File",
        "SoftwareSourceCode",
        "ComputationalWorkflow"
      ],
      "author": [
        {
          "@id": "#74771d81-df93-4e22-8ac4-1dfc1295e5ba"
        },
        {
          "@id": "#e85f2bc4-76d6-452f-b959-27f8a1e9e02d"
        },
        {
          "@id": "#0a4129b3-a1a6-4a9d-900f-c6a2771214fc"
        },
        {
          "@id": "#0c038a10-dc6a-409c-b0b3-1734031c11e4"
        },
        {
          "@id": "#3c879797-dbad-438a-b1b1-379a94ebbdd7"
        }
      ],
      "license": {
        "@id": "https://spdx.org/licenses/GPL-3.0-or-later"
      },
      "name": "Genome Assembly Quality Control",
      "version": 1,
      "programmingLanguage": {
        "@id": "https://w3id.org/workflowhub/workflow-ro-crate#galaxy"
      }
    },
    {
      "@id": "https://spdx.org/licenses/GPL-3.0-or-later",
      "@type": "CreativeWork",
      "name": "GPL-3.0-or-later"
    },
    {
      "@id": "https://w3id.org/workflowhub/workflow-ro-crate#galaxy",
      "@type": "ComputerLanguage",
      "identifier": {
        "@id": "https://galaxyproject.org/"
      },
      "name": "Galaxy",
      "url": {
        "@id": "https://galaxyproject.org/"
      },
      "version": "23.1"
    },
    {
      "@id": "#74771d81-df93-4e22-8ac4-1dfc1295e5ba",
      "@type": "Person",
      "name": "Erwan Corre"
    },
    {
      "@id": "#e85f2bc4-76d6-452f-b959-27f8a1e9e02d",
      "@type": "Person",
      "name": "Stéphanie Robin"
    },
    {
      "@id": "#0a4129b3-a1a6-4a9d-900f-c6a2771214fc",
      "@type": "Person",
      "name": "Anthony Bretaudeau"
    },
    {
      "@id": "#0c038a10-dc6a-409c-b0b3-1734031c11e4",
      "@type": "Person",
      "name": "Alexandre Cormier"
    },
    {
      "@id": "#3c879797-dbad-438a-b1b1-379a94ebbdd7",
      "@type": "Person",
      "name": "Laura Leroi"
    }
  ]
}