{
  "@context": "https://w3id.org/ro/crate/1.1/context",
  "@graph": [
    {
      "@id": "ro-crate-metadata.json",
      "@type": "CreativeWork",
      "about": {
        "@id": "./"
      },
      "conformsTo": [
        {
          "@id": "https://w3id.org/ro/crate/1.1"
        },
        {
          "@id": "https://about.workflowhub.eu/Workflow-RO-Crate/"
        }
      ]
    },
    {
      "@id": "./",
      "@type": "Dataset",
      "datePublished": "2023-11-20T11:42:43.909+00:00",
      "mainEntity": {
        "@id": "main_workflow.ga"
      }
    },
    {
      "@id": "main_workflow.ga",
      "@type": [
        "File",
        "SoftwareSourceCode",
        "ComputationalWorkflow"
      ],
      "author": [
        {
          "@id": "#cf2357d3-8af9-4eec-9f33-66a026c4c213"
        },
        {
          "@id": "#fc88b927-b8bb-4b08-89ea-aad5e2b6ad86"
        },
        {
          "@id": "#e9c4561c-04ee-4621-a824-fab42217bd8f"
        },
        {
          "@id": "#98b89acd-92e3-4054-8eb1-86c72dcd9b08"
        },
        {
          "@id": "#50d93ec8-d0fa-425d-9b3e-b0471985334b"
        }
      ],
      "license": {
        "@id": "https://spdx.org/licenses/GPL-3.0-or-later"
      },
      "name": "Genome Assembly Quality Control",
      "version": 1,
      "programmingLanguage": {
        "@id": "https://w3id.org/workflowhub/workflow-ro-crate#galaxy"
      }
    },
    {
      "@id": "https://spdx.org/licenses/GPL-3.0-or-later",
      "@type": "CreativeWork",
      "name": "GPL-3.0-or-later"
    },
    {
      "@id": "https://w3id.org/workflowhub/workflow-ro-crate#galaxy",
      "@type": "ComputerLanguage",
      "identifier": {
        "@id": "https://galaxyproject.org/"
      },
      "name": "Galaxy",
      "url": {
        "@id": "https://galaxyproject.org/"
      },
      "version": "23.1"
    },
    {
      "@id": "#cf2357d3-8af9-4eec-9f33-66a026c4c213",
      "@type": "Person",
      "name": "Erwan Corre"
    },
    {
      "@id": "#fc88b927-b8bb-4b08-89ea-aad5e2b6ad86",
      "@type": "Person",
      "name": "Stéphanie Robin"
    },
    {
      "@id": "#e9c4561c-04ee-4621-a824-fab42217bd8f",
      "@type": "Person",
      "name": "Anthony Bretaudeau"
    },
    {
      "@id": "#98b89acd-92e3-4054-8eb1-86c72dcd9b08",
      "@type": "Person",
      "name": "Alexandre Cormier"
    },
    {
      "@id": "#50d93ec8-d0fa-425d-9b3e-b0471985334b",
      "@type": "Person",
      "name": "Laura Leroi"
    }
  ]
}