{
  "@context": "https://w3id.org/ro/crate/1.1/context",
  "@graph": [
    {
      "@id": "ro-crate-metadata.json",
      "@type": "CreativeWork",
      "about": {
        "@id": "./"
      },
      "conformsTo": [
        {
          "@id": "https://w3id.org/ro/crate/1.1"
        },
        {
          "@id": "https://about.workflowhub.eu/Workflow-RO-Crate/"
        }
      ]
    },
    {
      "@id": "./",
      "@type": "Dataset",
      "datePublished": "2023-11-22T09:24:06.637+00:00",
      "mainEntity": {
        "@id": "main_workflow.ga"
      }
    },
    {
      "@id": "main_workflow.ga",
      "@type": [
        "File",
        "SoftwareSourceCode",
        "ComputationalWorkflow"
      ],
      "author": [
        {
          "@id": "#708d57f7-2cc6-40a0-b3c2-c506e4768761"
        },
        {
          "@id": "#ddbe1cad-ccea-4fac-8342-7a6b50b9befa"
        },
        {
          "@id": "#99e2b257-f406-48bb-a4ca-aa216b301af7"
        },
        {
          "@id": "#51b06ef5-c968-4bde-b782-ca110fa2841e"
        },
        {
          "@id": "#38123822-6287-4dfe-b19f-4e01e124a9df"
        }
      ],
      "license": {
        "@id": "https://spdx.org/licenses/GPL-3.0-or-later"
      },
      "name": "Genome Assembly Quality Control",
      "version": 1,
      "programmingLanguage": {
        "@id": "https://w3id.org/workflowhub/workflow-ro-crate#galaxy"
      }
    },
    {
      "@id": "https://spdx.org/licenses/GPL-3.0-or-later",
      "@type": "CreativeWork",
      "name": "GPL-3.0-or-later"
    },
    {
      "@id": "https://w3id.org/workflowhub/workflow-ro-crate#galaxy",
      "@type": "ComputerLanguage",
      "identifier": {
        "@id": "https://galaxyproject.org/"
      },
      "name": "Galaxy",
      "url": {
        "@id": "https://galaxyproject.org/"
      },
      "version": "23.1"
    },
    {
      "@id": "#708d57f7-2cc6-40a0-b3c2-c506e4768761",
      "@type": "Person",
      "name": "Erwan Corre"
    },
    {
      "@id": "#ddbe1cad-ccea-4fac-8342-7a6b50b9befa",
      "@type": "Person",
      "name": "Stéphanie Robin"
    },
    {
      "@id": "#99e2b257-f406-48bb-a4ca-aa216b301af7",
      "@type": "Person",
      "name": "Anthony Bretaudeau"
    },
    {
      "@id": "#51b06ef5-c968-4bde-b782-ca110fa2841e",
      "@type": "Person",
      "name": "Alexandre Cormier"
    },
    {
      "@id": "#38123822-6287-4dfe-b19f-4e01e124a9df",
      "@type": "Person",
      "name": "Laura Leroi"
    }
  ]
}