{
  "@context": "https://w3id.org/ro/crate/1.1/context",
  "@graph": [
    {
      "@id": "ro-crate-metadata.json",
      "@type": "CreativeWork",
      "about": {
        "@id": "./"
      },
      "conformsTo": [
        {
          "@id": "https://w3id.org/ro/crate/1.1"
        },
        {
          "@id": "https://about.workflowhub.eu/Workflow-RO-Crate/"
        }
      ]
    },
    {
      "@id": "./",
      "@type": "Dataset",
      "datePublished": "2023-11-14T17:33:03.623+00:00",
      "mainEntity": {
        "@id": "main_workflow.ga"
      }
    },
    {
      "@id": "main_workflow.ga",
      "@type": [
        "File",
        "SoftwareSourceCode",
        "ComputationalWorkflow"
      ],
      "author": [
        {
          "@id": "#ad79ad80-075a-4713-aba6-e2d00b20f058"
        },
        {
          "@id": "#11bec53d-1b92-4c46-adff-c3dd11503857"
        },
        {
          "@id": "#2cb23426-672a-4d05-967d-61a1a1a48109"
        },
        {
          "@id": "#5e348e07-9a7b-4064-b0ee-74e0dc5873d7"
        },
        {
          "@id": "#8522f8a8-2bd4-497c-b9c1-f387b779d238"
        }
      ],
      "license": {
        "@id": "https://spdx.org/licenses/GPL-3.0-or-later"
      },
      "name": "Genome Assembly Quality Control",
      "version": 1,
      "programmingLanguage": {
        "@id": "https://w3id.org/workflowhub/workflow-ro-crate#galaxy"
      }
    },
    {
      "@id": "https://spdx.org/licenses/GPL-3.0-or-later",
      "@type": "CreativeWork",
      "name": "GPL-3.0-or-later"
    },
    {
      "@id": "https://w3id.org/workflowhub/workflow-ro-crate#galaxy",
      "@type": "ComputerLanguage",
      "identifier": {
        "@id": "https://galaxyproject.org/"
      },
      "name": "Galaxy",
      "url": {
        "@id": "https://galaxyproject.org/"
      },
      "version": "23.1"
    },
    {
      "@id": "#ad79ad80-075a-4713-aba6-e2d00b20f058",
      "@type": "Person",
      "name": "Erwan Corre"
    },
    {
      "@id": "#11bec53d-1b92-4c46-adff-c3dd11503857",
      "@type": "Person",
      "name": "Stéphanie Robin"
    },
    {
      "@id": "#2cb23426-672a-4d05-967d-61a1a1a48109",
      "@type": "Person",
      "name": "Anthony Bretaudeau"
    },
    {
      "@id": "#5e348e07-9a7b-4064-b0ee-74e0dc5873d7",
      "@type": "Person",
      "name": "Alexandre Cormier"
    },
    {
      "@id": "#8522f8a8-2bd4-497c-b9c1-f387b779d238",
      "@type": "Person",
      "name": "Laura Leroi"
    }
  ]
}