{
  "@context": "https://w3id.org/ro/crate/1.1/context",
  "@graph": [
    {
      "@id": "ro-crate-metadata.json",
      "@type": "CreativeWork",
      "about": {
        "@id": "./"
      },
      "conformsTo": [
        {
          "@id": "https://w3id.org/ro/crate/1.1"
        },
        {
          "@id": "https://about.workflowhub.eu/Workflow-RO-Crate/"
        }
      ]
    },
    {
      "@id": "./",
      "@type": "Dataset",
      "datePublished": "2023-11-20T00:12:06.240+00:00",
      "mainEntity": {
        "@id": "main_workflow.ga"
      }
    },
    {
      "@id": "main_workflow.ga",
      "@type": [
        "File",
        "SoftwareSourceCode",
        "ComputationalWorkflow"
      ],
      "author": [
        {
          "@id": "#3e4cdb65-fdca-47c0-8575-b81825b13b19"
        },
        {
          "@id": "#1a30b04f-eecb-42f6-9a89-c27487af261a"
        },
        {
          "@id": "#b0e4e656-0a9f-48a1-9dc2-ff109b34bb10"
        },
        {
          "@id": "#94a8cf1a-7a21-4ccb-a0ad-102c39075c08"
        },
        {
          "@id": "#5dd46664-0e7f-468e-bbff-38fe4a934a01"
        }
      ],
      "license": {
        "@id": "https://spdx.org/licenses/GPL-3.0-or-later"
      },
      "name": "Genome Assembly Quality Control",
      "version": 1,
      "programmingLanguage": {
        "@id": "https://w3id.org/workflowhub/workflow-ro-crate#galaxy"
      }
    },
    {
      "@id": "https://spdx.org/licenses/GPL-3.0-or-later",
      "@type": "CreativeWork",
      "name": "GPL-3.0-or-later"
    },
    {
      "@id": "https://w3id.org/workflowhub/workflow-ro-crate#galaxy",
      "@type": "ComputerLanguage",
      "identifier": {
        "@id": "https://galaxyproject.org/"
      },
      "name": "Galaxy",
      "url": {
        "@id": "https://galaxyproject.org/"
      },
      "version": "23.1"
    },
    {
      "@id": "#3e4cdb65-fdca-47c0-8575-b81825b13b19",
      "@type": "Person",
      "name": "Erwan Corre"
    },
    {
      "@id": "#1a30b04f-eecb-42f6-9a89-c27487af261a",
      "@type": "Person",
      "name": "Stéphanie Robin"
    },
    {
      "@id": "#b0e4e656-0a9f-48a1-9dc2-ff109b34bb10",
      "@type": "Person",
      "name": "Anthony Bretaudeau"
    },
    {
      "@id": "#94a8cf1a-7a21-4ccb-a0ad-102c39075c08",
      "@type": "Person",
      "name": "Alexandre Cormier"
    },
    {
      "@id": "#5dd46664-0e7f-468e-bbff-38fe4a934a01",
      "@type": "Person",
      "name": "Laura Leroi"
    }
  ]
}