{
  "@context": "https://w3id.org/ro/crate/1.1/context",
  "@graph": [
    {
      "@id": "ro-crate-metadata.json",
      "@type": "CreativeWork",
      "about": {
        "@id": "./"
      },
      "conformsTo": [
        {
          "@id": "https://w3id.org/ro/crate/1.1"
        },
        {
          "@id": "https://about.workflowhub.eu/Workflow-RO-Crate/"
        }
      ]
    },
    {
      "@id": "./",
      "@type": "Dataset",
      "datePublished": "2024-02-01T14:18:24.310+00:00",
      "mainEntity": {
        "@id": "main_workflow.ga"
      }
    },
    {
      "@id": "main_workflow.ga",
      "@type": [
        "File",
        "SoftwareSourceCode",
        "ComputationalWorkflow"
      ],
      "author": [
        {
          "@id": "#ad6702e5-4d21-4daf-aed5-88a3b171e204"
        },
        {
          "@id": "#412e9f43-0dce-4281-8f9f-249105684775"
        },
        {
          "@id": "#df0a7e40-09a5-4ce6-ad9c-a134d405db88"
        },
        {
          "@id": "#9259a8c4-c72a-47e1-b68b-c3fca144d770"
        },
        {
          "@id": "#0f17cd81-b9f7-45e1-8ef0-9e6b10c073c7"
        }
      ],
      "license": {
        "@id": "https://spdx.org/licenses/GPL-3.0-or-later"
      },
      "name": "Genome Assembly Quality Control",
      "version": 1,
      "programmingLanguage": {
        "@id": "https://w3id.org/workflowhub/workflow-ro-crate#galaxy"
      }
    },
    {
      "@id": "https://spdx.org/licenses/GPL-3.0-or-later",
      "@type": "CreativeWork",
      "name": "GPL-3.0-or-later"
    },
    {
      "@id": "https://w3id.org/workflowhub/workflow-ro-crate#galaxy",
      "@type": "ComputerLanguage",
      "identifier": {
        "@id": "https://galaxyproject.org/"
      },
      "name": "Galaxy",
      "url": {
        "@id": "https://galaxyproject.org/"
      },
      "version": "23.1"
    },
    {
      "@id": "#ad6702e5-4d21-4daf-aed5-88a3b171e204",
      "@type": "Person",
      "name": "Erwan Corre"
    },
    {
      "@id": "#412e9f43-0dce-4281-8f9f-249105684775",
      "@type": "Person",
      "name": "Stéphanie Robin"
    },
    {
      "@id": "#df0a7e40-09a5-4ce6-ad9c-a134d405db88",
      "@type": "Person",
      "name": "Anthony Bretaudeau"
    },
    {
      "@id": "#9259a8c4-c72a-47e1-b68b-c3fca144d770",
      "@type": "Person",
      "name": "Alexandre Cormier"
    },
    {
      "@id": "#0f17cd81-b9f7-45e1-8ef0-9e6b10c073c7",
      "@type": "Person",
      "name": "Laura Leroi"
    }
  ]
}