{
  "@context": "https://w3id.org/ro/crate/1.1/context",
  "@graph": [
    {
      "@id": "ro-crate-metadata.json",
      "@type": "CreativeWork",
      "about": {
        "@id": "./"
      },
      "conformsTo": [
        {
          "@id": "https://w3id.org/ro/crate/1.1"
        },
        {
          "@id": "https://about.workflowhub.eu/Workflow-RO-Crate/"
        }
      ]
    },
    {
      "@id": "./",
      "@type": "Dataset",
      "datePublished": "2023-11-02T15:53:23.041+00:00",
      "mainEntity": {
        "@id": "main_workflow.ga"
      }
    },
    {
      "@id": "main_workflow.ga",
      "@type": [
        "File",
        "SoftwareSourceCode",
        "ComputationalWorkflow"
      ],
      "author": [
        {
          "@id": "#e31f7438-1d34-4797-b034-a10d78fd5c2f"
        },
        {
          "@id": "#21ea3ed6-8b8d-4626-9137-a177bacd1612"
        },
        {
          "@id": "#c084fe7f-a1e9-437e-85a8-61b6a33a3d35"
        },
        {
          "@id": "#2c11ed69-ea5f-4b88-b47d-d09ca346a4df"
        },
        {
          "@id": "#efc98fc8-10dd-41b0-9ce8-cf60fc85f2be"
        }
      ],
      "license": {
        "@id": "https://spdx.org/licenses/GPL-3.0-or-later"
      },
      "name": "Genome Assembly Quality Control",
      "version": 1,
      "programmingLanguage": {
        "@id": "https://w3id.org/workflowhub/workflow-ro-crate#galaxy"
      }
    },
    {
      "@id": "https://spdx.org/licenses/GPL-3.0-or-later",
      "@type": "CreativeWork",
      "name": "GPL-3.0-or-later"
    },
    {
      "@id": "https://w3id.org/workflowhub/workflow-ro-crate#galaxy",
      "@type": "ComputerLanguage",
      "identifier": {
        "@id": "https://galaxyproject.org/"
      },
      "name": "Galaxy",
      "url": {
        "@id": "https://galaxyproject.org/"
      },
      "version": "23.1"
    },
    {
      "@id": "#e31f7438-1d34-4797-b034-a10d78fd5c2f",
      "@type": "Person",
      "name": "Erwan Corre"
    },
    {
      "@id": "#21ea3ed6-8b8d-4626-9137-a177bacd1612",
      "@type": "Person",
      "name": "Stéphanie Robin"
    },
    {
      "@id": "#c084fe7f-a1e9-437e-85a8-61b6a33a3d35",
      "@type": "Person",
      "name": "Anthony Bretaudeau"
    },
    {
      "@id": "#2c11ed69-ea5f-4b88-b47d-d09ca346a4df",
      "@type": "Person",
      "name": "Alexandre Cormier"
    },
    {
      "@id": "#efc98fc8-10dd-41b0-9ce8-cf60fc85f2be",
      "@type": "Person",
      "name": "Laura Leroi"
    }
  ]
}