{
  "@context": "https://w3id.org/ro/crate/1.1/context",
  "@graph": [
    {
      "@id": "ro-crate-metadata.json",
      "@type": "CreativeWork",
      "about": {
        "@id": "./"
      },
      "conformsTo": [
        {
          "@id": "https://w3id.org/ro/crate/1.1"
        },
        {
          "@id": "https://about.workflowhub.eu/Workflow-RO-Crate/"
        }
      ]
    },
    {
      "@id": "./",
      "@type": "Dataset",
      "datePublished": "2023-12-06T09:11:55.964+00:00",
      "mainEntity": {
        "@id": "main_workflow.ga"
      }
    },
    {
      "@id": "main_workflow.ga",
      "@type": [
        "File",
        "SoftwareSourceCode",
        "ComputationalWorkflow"
      ],
      "author": [
        {
          "@id": "#883f940f-6bff-4576-b32c-5b7ae659f36a"
        },
        {
          "@id": "#719cc6f8-7310-4079-9b1c-11199d9f6a84"
        },
        {
          "@id": "#76f7cf43-bfe3-4c0c-a2a1-a478d8eeefde"
        },
        {
          "@id": "#70f305d4-6c5e-4f3c-9731-0d3460ddbfcf"
        },
        {
          "@id": "#52b517f7-a581-4225-ad93-1bd337254f17"
        }
      ],
      "license": {
        "@id": "https://spdx.org/licenses/GPL-3.0-or-later"
      },
      "name": "Genome Assembly Quality Control",
      "version": 1,
      "programmingLanguage": {
        "@id": "https://w3id.org/workflowhub/workflow-ro-crate#galaxy"
      }
    },
    {
      "@id": "https://spdx.org/licenses/GPL-3.0-or-later",
      "@type": "CreativeWork",
      "name": "GPL-3.0-or-later"
    },
    {
      "@id": "https://w3id.org/workflowhub/workflow-ro-crate#galaxy",
      "@type": "ComputerLanguage",
      "identifier": {
        "@id": "https://galaxyproject.org/"
      },
      "name": "Galaxy",
      "url": {
        "@id": "https://galaxyproject.org/"
      },
      "version": "23.1"
    },
    {
      "@id": "#883f940f-6bff-4576-b32c-5b7ae659f36a",
      "@type": "Person",
      "name": "Erwan Corre"
    },
    {
      "@id": "#719cc6f8-7310-4079-9b1c-11199d9f6a84",
      "@type": "Person",
      "name": "Stéphanie Robin"
    },
    {
      "@id": "#76f7cf43-bfe3-4c0c-a2a1-a478d8eeefde",
      "@type": "Person",
      "name": "Anthony Bretaudeau"
    },
    {
      "@id": "#70f305d4-6c5e-4f3c-9731-0d3460ddbfcf",
      "@type": "Person",
      "name": "Alexandre Cormier"
    },
    {
      "@id": "#52b517f7-a581-4225-ad93-1bd337254f17",
      "@type": "Person",
      "name": "Laura Leroi"
    }
  ]
}