{
  "@context": "https://w3id.org/ro/crate/1.1/context",
  "@graph": [
    {
      "@id": "ro-crate-metadata.json",
      "@type": "CreativeWork",
      "about": {
        "@id": "./"
      },
      "conformsTo": [
        {
          "@id": "https://w3id.org/ro/crate/1.1"
        },
        {
          "@id": "https://about.workflowhub.eu/Workflow-RO-Crate/"
        }
      ]
    },
    {
      "@id": "./",
      "@type": "Dataset",
      "datePublished": "2023-11-09T00:13:36.323+00:00",
      "mainEntity": {
        "@id": "main_workflow.ga"
      }
    },
    {
      "@id": "main_workflow.ga",
      "@type": [
        "File",
        "SoftwareSourceCode",
        "ComputationalWorkflow"
      ],
      "author": [
        {
          "@id": "#340c0316-feee-41bf-8336-208874282bd6"
        },
        {
          "@id": "#16f42229-710a-460f-ad31-8facc985e48a"
        },
        {
          "@id": "#f885e564-fdcf-4f9e-a39f-f1d85aa4567b"
        },
        {
          "@id": "#5d4f1f5e-78cd-4bc2-9a5c-cdf19defd47e"
        },
        {
          "@id": "#1bbfcdc5-14a9-40a5-a6e2-b24586f89972"
        }
      ],
      "license": {
        "@id": "https://spdx.org/licenses/GPL-3.0-or-later"
      },
      "name": "Genome Assembly Quality Control",
      "version": 1,
      "programmingLanguage": {
        "@id": "https://w3id.org/workflowhub/workflow-ro-crate#galaxy"
      }
    },
    {
      "@id": "https://spdx.org/licenses/GPL-3.0-or-later",
      "@type": "CreativeWork",
      "name": "GPL-3.0-or-later"
    },
    {
      "@id": "https://w3id.org/workflowhub/workflow-ro-crate#galaxy",
      "@type": "ComputerLanguage",
      "identifier": {
        "@id": "https://galaxyproject.org/"
      },
      "name": "Galaxy",
      "url": {
        "@id": "https://galaxyproject.org/"
      },
      "version": "23.1"
    },
    {
      "@id": "#340c0316-feee-41bf-8336-208874282bd6",
      "@type": "Person",
      "name": "Erwan Corre"
    },
    {
      "@id": "#16f42229-710a-460f-ad31-8facc985e48a",
      "@type": "Person",
      "name": "Stéphanie Robin"
    },
    {
      "@id": "#f885e564-fdcf-4f9e-a39f-f1d85aa4567b",
      "@type": "Person",
      "name": "Anthony Bretaudeau"
    },
    {
      "@id": "#5d4f1f5e-78cd-4bc2-9a5c-cdf19defd47e",
      "@type": "Person",
      "name": "Alexandre Cormier"
    },
    {
      "@id": "#1bbfcdc5-14a9-40a5-a6e2-b24586f89972",
      "@type": "Person",
      "name": "Laura Leroi"
    }
  ]
}