{
  "@context": "https://w3id.org/ro/crate/1.1/context",
  "@graph": [
    {
      "@id": "ro-crate-metadata.json",
      "@type": "CreativeWork",
      "about": {
        "@id": "./"
      },
      "conformsTo": [
        {
          "@id": "https://w3id.org/ro/crate/1.1"
        },
        {
          "@id": "https://about.workflowhub.eu/Workflow-RO-Crate/"
        }
      ]
    },
    {
      "@id": "./",
      "@type": "Dataset",
      "datePublished": "2023-11-29T10:58:19.680+00:00",
      "mainEntity": {
        "@id": "main_workflow.ga"
      }
    },
    {
      "@id": "main_workflow.ga",
      "@type": [
        "File",
        "SoftwareSourceCode",
        "ComputationalWorkflow"
      ],
      "author": [
        {
          "@id": "#8e634dea-7102-40a6-bf04-805aaa62f3be"
        },
        {
          "@id": "#fd8ba134-6a61-45f8-9761-f4d89ef5a1bf"
        },
        {
          "@id": "#a66f8f36-a7bf-4084-9652-5b211666042c"
        },
        {
          "@id": "#417e26d8-e4fe-49ca-afa4-cf0d491fc91c"
        },
        {
          "@id": "#c13e3535-30fa-40a3-afff-066c299d7989"
        }
      ],
      "license": {
        "@id": "https://spdx.org/licenses/GPL-3.0-or-later"
      },
      "name": "Genome Assembly Quality Control",
      "version": 1,
      "programmingLanguage": {
        "@id": "https://w3id.org/workflowhub/workflow-ro-crate#galaxy"
      }
    },
    {
      "@id": "https://spdx.org/licenses/GPL-3.0-or-later",
      "@type": "CreativeWork",
      "name": "GPL-3.0-or-later"
    },
    {
      "@id": "https://w3id.org/workflowhub/workflow-ro-crate#galaxy",
      "@type": "ComputerLanguage",
      "identifier": {
        "@id": "https://galaxyproject.org/"
      },
      "name": "Galaxy",
      "url": {
        "@id": "https://galaxyproject.org/"
      },
      "version": "23.1"
    },
    {
      "@id": "#8e634dea-7102-40a6-bf04-805aaa62f3be",
      "@type": "Person",
      "name": "Erwan Corre"
    },
    {
      "@id": "#fd8ba134-6a61-45f8-9761-f4d89ef5a1bf",
      "@type": "Person",
      "name": "Stéphanie Robin"
    },
    {
      "@id": "#a66f8f36-a7bf-4084-9652-5b211666042c",
      "@type": "Person",
      "name": "Anthony Bretaudeau"
    },
    {
      "@id": "#417e26d8-e4fe-49ca-afa4-cf0d491fc91c",
      "@type": "Person",
      "name": "Alexandre Cormier"
    },
    {
      "@id": "#c13e3535-30fa-40a3-afff-066c299d7989",
      "@type": "Person",
      "name": "Laura Leroi"
    }
  ]
}