{
  "@context": "https://w3id.org/ro/crate/1.1/context",
  "@graph": [
    {
      "@id": "ro-crate-metadata.json",
      "@type": "CreativeWork",
      "about": {
        "@id": "./"
      },
      "conformsTo": [
        {
          "@id": "https://w3id.org/ro/crate/1.1"
        },
        {
          "@id": "https://about.workflowhub.eu/Workflow-RO-Crate/"
        }
      ]
    },
    {
      "@id": "./",
      "@type": "Dataset",
      "datePublished": "2023-12-05T14:34:08.061+00:00",
      "mainEntity": {
        "@id": "main_workflow.ga"
      }
    },
    {
      "@id": "main_workflow.ga",
      "@type": [
        "File",
        "SoftwareSourceCode",
        "ComputationalWorkflow"
      ],
      "author": [
        {
          "@id": "#3c31c156-aeff-47aa-b7e2-666e9ccdac17"
        },
        {
          "@id": "#9aa6b3fe-adb6-4d3c-93b5-7bf63f996380"
        },
        {
          "@id": "#9964f4c0-3f22-45f8-8249-832b620a15ca"
        },
        {
          "@id": "#53fe87e3-9023-427b-a2d6-5a0a73d3185d"
        },
        {
          "@id": "#a2104b96-0292-4917-9031-8455dd62c63e"
        }
      ],
      "license": {
        "@id": "https://spdx.org/licenses/GPL-3.0-or-later"
      },
      "name": "Genome Assembly Quality Control",
      "version": 1,
      "programmingLanguage": {
        "@id": "https://w3id.org/workflowhub/workflow-ro-crate#galaxy"
      }
    },
    {
      "@id": "https://spdx.org/licenses/GPL-3.0-or-later",
      "@type": "CreativeWork",
      "name": "GPL-3.0-or-later"
    },
    {
      "@id": "https://w3id.org/workflowhub/workflow-ro-crate#galaxy",
      "@type": "ComputerLanguage",
      "identifier": {
        "@id": "https://galaxyproject.org/"
      },
      "name": "Galaxy",
      "url": {
        "@id": "https://galaxyproject.org/"
      },
      "version": "23.1"
    },
    {
      "@id": "#3c31c156-aeff-47aa-b7e2-666e9ccdac17",
      "@type": "Person",
      "name": "Erwan Corre"
    },
    {
      "@id": "#9aa6b3fe-adb6-4d3c-93b5-7bf63f996380",
      "@type": "Person",
      "name": "Stéphanie Robin"
    },
    {
      "@id": "#9964f4c0-3f22-45f8-8249-832b620a15ca",
      "@type": "Person",
      "name": "Anthony Bretaudeau"
    },
    {
      "@id": "#53fe87e3-9023-427b-a2d6-5a0a73d3185d",
      "@type": "Person",
      "name": "Alexandre Cormier"
    },
    {
      "@id": "#a2104b96-0292-4917-9031-8455dd62c63e",
      "@type": "Person",
      "name": "Laura Leroi"
    }
  ]
}