{
  "@context": [
    "https://w3id.org/ro/crate/1.1/context"
  ],
  "@graph": [
    {
      "@id": "ro-crate-metadata.json",
      "@type": "CreativeWork",
      "about": {
        "@id": "https://training.galaxyproject.org/training-material/topics/sequence-analysis/tutorials/quality-control/workflows/quality_control.html"
      },
      "conformsTo": {
        "@id": "https://w3id.org/ro/crate/1.1"
      }
    },
    {
      "@id": "https://training.galaxyproject.org/training-material/topics/sequence-analysis/tutorials/quality-control/workflows/quality_control.html",
      "@type": "Dataset",
      "name": "GTN - Sequence Analyses - Quality Control (imported from uploaded file)",
      "description": "Quality Control\n\n## Associated Tutorial\n\nThis workflows is part of the tutorial [Quality Control](https://training.galaxyproject.org/training-material/topics/sequence-analysis/tutorials/quality-control/tutorial.html), available in the [GTN](https://training.galaxyproject.org)\n\n## Features\n\n* Includes [Galaxy Workflow Tests](https://training.galaxyproject.org/training-material/faqs/gtn/workflow_run_test.html)\n\n## Thanks to...\n\n**Tutorial Author(s)**: [Bérénice Batut](https://training.galaxyproject.org/training-material/hall-of-fame/bebatut/), [Maria Doyle](https://training.galaxyproject.org/training-material/hall-of-fame/mblue9/), [Alexandre Cormier](https://training.galaxyproject.org/training-material/hall-of-fame/alexcorm/), [Anthony Bretaudeau](https://training.galaxyproject.org/training-material/hall-of-fame/abretaud/), [Laura Leroi](https://training.galaxyproject.org/training-material/hall-of-fame/lleroi/), [Erwan Corre](https://training.galaxyproject.org/training-material/hall-of-fame/r1corre/), [Stéphanie Robin](https://training.galaxyproject.org/training-material/hall-of-fame/stephanierobin/), [Gallantries: Bridging Training Communities in Life Science, Environment and Health](https://training.galaxyproject.org/training-material/hall-of-fame/gallantries/), [Cameron Hyde](https://training.galaxyproject.org/training-material/hall-of-fame/neoformit/)\n\n[![gtn star logo followed by the word workflows](https://training.galaxyproject.org/training-material/assets/branding/gtn-workflows.png)](https://training.galaxyproject.org/training-material/)",
      "version": "5.0",
      "license": "https://spdx.org/licenses/CC-BY-4.0",
      "datePublished": "2024-09-13T00:06:06.659+00:00",
      "mainEntity": {
        "@id": "quality-control.ga"
      },
      "hasPart": [
        {
          "@id": "quality-control.ga"
        },
        {
          "@id": "graph.png"
        }
      ]
    },
    {
      "@id": "quality-control.ga",
      "@type": [
        "File",
        "SoftwareSourceCode",
        "ComputationalWorkflow"
      ],
      "author": [

      ],
      "name": "GTN - Sequence Analyses - Quality Control (imported from uploaded file)",
      "programmingLanguage": {
        "@id": "https://w3id.org/workflowhub/workflow-ro-crate#galaxy"
      },
      "image": {
        "@id": "graph.png"
      }
    },
    {
      "@id": "graph.png",
      "@type": [
        "File",
        "ImageObject",
        "WorkflowSketch"
      ],
      "contentSize": 0
    },
    {
      "@id": "https://w3id.org/workflowhub/workflow-ro-crate#galaxy",
      "@type": "ComputerLanguage",
      "identifier": {
        "@id": "https://galaxyproject.org/"
      },
      "name": "Galaxy",
      "url": {
        "@id": "https://galaxyproject.org/"
      },
      "version": "23.1"
    }
  ]
}