{
  "@context": [
    "https://w3id.org/ro/crate/1.1/context"
  ],
  "@graph": [
    {
      "@id": "ro-crate-metadata.json",
      "@type": "CreativeWork",
      "about": {
        "@id": "https://training.galaxyproject.org/training-material/topics/synthetic-biology/tutorials/retrosynthesis_analysis/workflows/RetroSynthesis.html"
      },
      "conformsTo": {
        "@id": "https://w3id.org/ro/crate/1.1"
      }
    },
    {
      "@id": "https://training.galaxyproject.org/training-material/topics/synthetic-biology/tutorials/retrosynthesis_analysis/workflows/RetroSynthesis.html",
      "@type": "Dataset",
      "name": "RetroSynthesis",
      "description": "Generating theoretical possible pathways for the production of Lycopene in E.Coli using Retrosynthesis tools\n\n## Associated Tutorial\n\nThis workflows is part of the tutorial [RetroSynthesis](https://training.galaxyproject.org/training-material/topics/synthetic-biology/tutorials/retrosynthesis_analysis/tutorial.html), available in the [GTN](https://training.galaxyproject.org)\n\n\n\n\n\n## Thanks to...\n\n**Tutorial Author(s)**: [Guillaume Gricourt](https://training.galaxyproject.org/training-material/hall-of-fame/guillaume-gricourt/), [Thomas Duigou](https://training.galaxyproject.org/training-material/hall-of-fame/tduigou/), [Kenza Bazi-Kabbaj](https://training.galaxyproject.org/training-material/hall-of-fame/kenza12/), [Joan Hérisson](https://training.galaxyproject.org/training-material/hall-of-fame/breakthewall/), [Ioana Popescu](https://training.galaxyproject.org/training-material/hall-of-fame/ioanagry/), [Jean-Loup Faulon](https://training.galaxyproject.org/training-material/hall-of-fame/jfaulon/)\n\n[![gtn star logo followed by the word workflows](http://galaxy-training.s3-website.us-east-1.amazonaws.com/misc/gtn-workflows.png)](https://training.galaxyproject.org/training-material/)",
      "version": "2.0",
      "license": "https://spdx.org/licenses/CC-BY-4.0",
      "datePublished": "2024-07-03T00:05:30.187+00:00",
      "mainEntity": {
        "@id": "retrosynthesis.ga"
      },
      "hasPart": [
        {
          "@id": "retrosynthesis.ga"
        },
        {
          "@id": "graph.png"
        }
      ]
    },
    {
      "@id": "retrosynthesis.ga",
      "@type": [
        "File",
        "SoftwareSourceCode",
        "ComputationalWorkflow"
      ],
      "author": [

      ],
      "name": "RetroSynthesis",
      "programmingLanguage": {
        "@id": "https://w3id.org/workflowhub/workflow-ro-crate#galaxy"
      },
      "image": {
        "@id": "graph.png"
      }
    },
    {
      "@id": "graph.png",
      "@type": [
        "File",
        "ImageObject",
        "WorkflowSketch"
      ],
      "contentSize": 0
    },
    {
      "@id": "https://w3id.org/workflowhub/workflow-ro-crate#galaxy",
      "@type": "ComputerLanguage",
      "identifier": {
        "@id": "https://galaxyproject.org/"
      },
      "name": "Galaxy",
      "url": {
        "@id": "https://galaxyproject.org/"
      },
      "version": "23.1"
    }
  ]
}