{
  "@context": [
    "https://w3id.org/ro/crate/1.1/context"
  ],
  "@graph": [
    {
      "@id": "ro-crate-metadata.json",
      "@type": "CreativeWork",
      "about": {
        "@id": "https://training.galaxyproject.org/training-material/topics/imaging/tutorials/hela-screen-analysis/workflows/feature_extraction.html"
      },
      "conformsTo": {
        "@id": "https://w3id.org/ro/crate/1.1"
      }
    },
    {
      "@id": "https://training.galaxyproject.org/training-material/topics/imaging/tutorials/hela-screen-analysis/workflows/feature_extraction.html",
      "@type": "Dataset",
      "name": "feature_extraction",
      "description": "## Associated Tutorial\n\nThis workflows is part of the tutorial [Analyse HeLa fluorescence siRNA screen](https://training.galaxyproject.org/training-material/topics/imaging/tutorials/hela-screen-analysis/tutorial.html), available in the [GTN](https://training.galaxyproject.org)\n\n## Features\n\n* Includes [Galaxy Workflow Tests](https://training.galaxyproject.org/training-material/faqs/gtn/workflow_run_test.html)\n\n## Thanks to...\n\n**Workflow Author(s)**: Till Korten\n\n**Tutorial Author(s)**: [Thomas Wollmann](https://training.galaxyproject.org/training-material/hall-of-fame/thomaswollmann/), [Leonid Kostrykin](https://training.galaxyproject.org/training-material/hall-of-fame/kostrykin/)\n\n[![gtn star logo followed by the word workflows](https://training.galaxyproject.org/training-material/assets/branding/gtn-workflows.png)](https://training.galaxyproject.org/training-material/)",
      "version": "5.0",
      "license": "https://spdx.org/licenses/MIT",
      "datePublished": "2024-08-12T07:32:31.311+00:00",
      "mainEntity": {
        "@id": "feature-extraction.ga"
      },
      "hasPart": [
        {
          "@id": "feature-extraction.ga"
        },
        {
          "@id": "graph.png"
        }
      ]
    },
    {
      "@id": "feature-extraction.ga",
      "@type": [
        "File",
        "SoftwareSourceCode",
        "ComputationalWorkflow"
      ],
      "author": [
        {
          "@id": "https://orcid.org/0000-0002-2315-9247"
        }
      ],
      "name": "feature_extraction",
      "programmingLanguage": {
        "@id": "https://w3id.org/workflowhub/workflow-ro-crate#galaxy"
      },
      "image": {
        "@id": "graph.png"
      }
    },
    {
      "@id": "graph.png",
      "@type": [
        "File",
        "ImageObject",
        "WorkflowSketch"
      ],
      "contentSize": 0
    },
    {
      "@id": "https://w3id.org/workflowhub/workflow-ro-crate#galaxy",
      "@type": "ComputerLanguage",
      "identifier": {
        "@id": "https://galaxyproject.org/"
      },
      "name": "Galaxy",
      "url": {
        "@id": "https://galaxyproject.org/"
      },
      "version": "23.1"
    },
    {
      "@id": "https://orcid.org/0000-0002-2315-9247",
      "@type": "Person",
      "name": "Till Korten"
    }
  ]
}