{
  "@context": [
    "https://w3id.org/ro/crate/1.1/context"
  ],
  "@graph": [
    {
      "@id": "ro-crate-metadata.json",
      "@type": "CreativeWork",
      "about": {
        "@id": "https://training.galaxyproject.org/training-material/topics/statistics/tutorials/fruit_360/workflows/fruit_360.html"
      },
      "conformsTo": {
        "@id": "https://w3id.org/ro/crate/1.1"
      }
    },
    {
      "@id": "https://training.galaxyproject.org/training-material/topics/statistics/tutorials/fruit_360/workflows/fruit_360.html",
      "@type": "Dataset",
      "name": "fruit_360",
      "description": "Image classification with fruit 360 dataset\n\n## Associated Tutorial\n\nThis workflows is part of the tutorial [fruit_360](https://training.galaxyproject.org/training-material/topics/statistics/tutorials/fruit_360/tutorial.html), available in the [GTN](https://training.galaxyproject.org)\n\n\n\n\n\n## Thanks to...\n\n**Tutorial Author(s)**: [Kaivan Kamali](https://training.galaxyproject.org/training-material/hall-of-fame/kxk302/)\n\n**Workflow Author(s)**: Kaivan Kamali\n\n[![gtn star logo followed by the word workflows](http://galaxy-training.s3-website.us-east-1.amazonaws.com/misc/gtn-workflows.png)](https://training.galaxyproject.org/training-material/)",
      "version": "5.0",
      "license": "https://spdx.org/licenses/CC-BY-4.0",
      "datePublished": "2024-07-11T14:35:13.666+00:00",
      "mainEntity": {
        "@id": "fruit-360.ga"
      },
      "hasPart": [
        {
          "@id": "fruit-360.ga"
        },
        {
          "@id": "graph.png"
        }
      ]
    },
    {
      "@id": "fruit-360.ga",
      "@type": [
        "File",
        "SoftwareSourceCode",
        "ComputationalWorkflow"
      ],
      "author": [
        {
          "@id": "#339ef7cc-37f9-4a46-b25b-4128334cf2f1"
        }
      ],
      "name": "fruit_360",
      "programmingLanguage": {
        "@id": "https://w3id.org/workflowhub/workflow-ro-crate#galaxy"
      },
      "image": {
        "@id": "graph.png"
      }
    },
    {
      "@id": "graph.png",
      "@type": [
        "File",
        "ImageObject",
        "WorkflowSketch"
      ],
      "contentSize": 0
    },
    {
      "@id": "https://w3id.org/workflowhub/workflow-ro-crate#galaxy",
      "@type": "ComputerLanguage",
      "identifier": {
        "@id": "https://galaxyproject.org/"
      },
      "name": "Galaxy",
      "url": {
        "@id": "https://galaxyproject.org/"
      },
      "version": "23.1"
    },
    {
      "@id": "#339ef7cc-37f9-4a46-b25b-4128334cf2f1",
      "@type": "Person",
      "name": "Kaivan Kamali"
    }
  ]
}