{
  "@context": "https://w3id.org/ro/crate/1.1/context",
  "@graph": [
    {
      "@id": "ro-crate-metadata.json",
      "@type": "CreativeWork",
      "about": {
        "@id": "./"
      },
      "conformsTo": [
        {
          "@id": "https://w3id.org/ro/crate/1.1"
        },
        {
          "@id": "https://about.workflowhub.eu/Workflow-RO-Crate/"
        }
      ]
    },
    {
      "@id": "./",
      "@type": "Dataset",
      "datePublished": "2024-06-12T00:05:46.751+00:00",
      "mainEntity": {
        "@id": "main_workflow.ga"
      }
    },
    {
      "@id": "main_workflow.ga",
      "@type": [
        "File",
        "SoftwareSourceCode",
        "ComputationalWorkflow"
      ],
      "author": [
        {
          "@id": "#33fb805f-9166-4baf-b42d-8e2d32ed6622"
        },
        {
          "@id": "#25b8ee7e-c098-4135-82ff-ed20101c49a8"
        },
        {
          "@id": "#cc1612ae-6d95-4bcb-b2e7-a3143b632329"
        },
        {
          "@id": "#532eb579-b1b6-43b2-b355-7c16f06b4f5d"
        }
      ],
      "license": {
        "@id": "https://spdx.org/licenses/GPL-3.0-or-later"
      },
      "name": "Genome Assembly using PacBio data",
      "version": 4,
      "programmingLanguage": {
        "@id": "https://w3id.org/workflowhub/workflow-ro-crate#galaxy"
      }
    },
    {
      "@id": "https://spdx.org/licenses/GPL-3.0-or-later",
      "@type": "CreativeWork",
      "name": "GPL-3.0-or-later"
    },
    {
      "@id": "https://w3id.org/workflowhub/workflow-ro-crate#galaxy",
      "@type": "ComputerLanguage",
      "identifier": {
        "@id": "https://galaxyproject.org/"
      },
      "name": "Galaxy",
      "url": {
        "@id": "https://galaxyproject.org/"
      },
      "version": "23.1"
    },
    {
      "@id": "#33fb805f-9166-4baf-b42d-8e2d32ed6622",
      "@type": "Person",
      "name": "Erwan Corre"
    },
    {
      "@id": "#25b8ee7e-c098-4135-82ff-ed20101c49a8",
      "@type": "Person",
      "name": "Stéphanie Robin"
    },
    {
      "@id": "#cc1612ae-6d95-4bcb-b2e7-a3143b632329",
      "@type": "Person",
      "name": "Anthony Bretaudeau"
    },
    {
      "@id": "#532eb579-b1b6-43b2-b355-7c16f06b4f5d",
      "@type": "Person",
      "name": "Alexandre Cormier"
    }
  ]
}