{
  "@context": [
    "https://w3id.org/ro/crate/1.1/context"
  ],
  "@graph": [
    {
      "@id": "ro-crate-metadata.json",
      "@type": "CreativeWork",
      "about": {
        "@id": "https://training.galaxyproject.org/training-material/topics/computational-chemistry/tutorials/htmd-analysis/workflows/analysis_workflow.html"
      },
      "conformsTo": {
        "@id": "https://w3id.org/ro/crate/1.1"
      }
    },
    {
      "@id": "https://training.galaxyproject.org/training-material/topics/computational-chemistry/tutorials/htmd-analysis/workflows/analysis_workflow.html",
      "@type": "Dataset",
      "name": "Workflow constructed from history 'Hsp90-MDAnalysis'",
      "description": "High Throughput Molecular Dynamics and Analysis\n\n## Associated Tutorial\n\nThis workflows is part of the tutorial [High Throughput Molecular Dynamics and Analysis](https://training.galaxyproject.org/training-material/topics/computational-chemistry/tutorials/htmd-analysis/tutorial.html), available in the [GTN](https://training.galaxyproject.org)\n\n\n\n\n\n## Thanks to...\n\n**Tutorial Author(s)**: [Simon Bray](https://training.galaxyproject.org/training-material/hall-of-fame/simonbray/), [Tharindu Senapathi](https://training.galaxyproject.org/training-material/hall-of-fame/tsenapathi/), [Christopher Barnett](https://training.galaxyproject.org/training-material/hall-of-fame/chrisbarnettster/), [Björn Grüning](https://training.galaxyproject.org/training-material/hall-of-fame/bgruening/)\n\n[![gtn star logo followed by the word workflows](https://training.galaxyproject.org/training-material/assets/branding/gtn-workflows.png)](https://training.galaxyproject.org/training-material/)",
      "version": "2.0",
      "license": "https://spdx.org/licenses/CC-BY-4.0",
      "datePublished": "2024-11-11T00:06:14.656+00:00",
      "mainEntity": {
        "@id": "analysis-workflow.ga"
      },
      "hasPart": [
        {
          "@id": "analysis-workflow.ga"
        },
        {
          "@id": "graph.png"
        }
      ]
    },
    {
      "@id": "analysis-workflow.ga",
      "@type": [
        "File",
        "SoftwareSourceCode",
        "ComputationalWorkflow"
      ],
      "author": [

      ],
      "name": "Workflow constructed from history 'Hsp90-MDAnalysis'",
      "programmingLanguage": {
        "@id": "https://w3id.org/workflowhub/workflow-ro-crate#galaxy"
      },
      "image": {
        "@id": "graph.png"
      }
    },
    {
      "@id": "graph.png",
      "@type": [
        "File",
        "ImageObject",
        "WorkflowSketch"
      ],
      "contentSize": 58012
    },
    {
      "@id": "https://w3id.org/workflowhub/workflow-ro-crate#galaxy",
      "@type": "ComputerLanguage",
      "identifier": {
        "@id": "https://galaxyproject.org/"
      },
      "name": "Galaxy",
      "url": {
        "@id": "https://galaxyproject.org/"
      },
      "version": "23.1"
    }
  ]
}