{
  "@context": [
    "https://w3id.org/ro/crate/1.1/context"
  ],
  "@graph": [
    {
      "@id": "ro-crate-metadata.json",
      "@type": "CreativeWork",
      "about": {
        "@id": "https://training.galaxyproject.org/training-material/topics/ecology/tutorials/obisindicators/workflows/Obis-indicators.html"
      },
      "conformsTo": {
        "@id": "https://w3id.org/ro/crate/1.1"
      }
    },
    {
      "@id": "https://training.galaxyproject.org/training-material/topics/ecology/tutorials/obisindicators/workflows/Obis-indicators.html",
      "@type": "Dataset",
      "name": "Marine Omics visualisation",
      "description": "From Obis data to Biodiversity indicators\n\n## Associated Tutorial\n\nThis workflows is part of the tutorial [Marine Omics visualisation](https://training.galaxyproject.org/training-material/topics/ecology/tutorials/obisindicators/tutorial.html), available in the [GTN](https://training.galaxyproject.org)\n\n## Features\n\n* Includes [Galaxy Workflow Tests](https://training.galaxyproject.org/training-material/faqs/gtn/workflow_run_test.html)\n\n## Thanks to...\n\n**Tutorial Author(s)**: [Marie Josse](https://training.galaxyproject.org/training-material/hall-of-fame/Marie59/), [Yvan Le Bras](https://training.galaxyproject.org/training-material/hall-of-fame/yvanlebras/)\n\n**Workflow Author(s)**: Marie Jossé\n\n**Funder(s)**: [Gallantries: Bridging Training Communities in Life Science, Environment and Health](https://training.galaxyproject.org/training-material/hall-of-fame/gallantries/), [Fair-Ease](https://training.galaxyproject.org/training-material/hall-of-fame/fairease/), [EuroScienceGateway](https://training.galaxyproject.org/training-material/hall-of-fame/eurosciencegateway/), [Pôle National de Données de Biodiversité](https://training.galaxyproject.org/training-material/hall-of-fame/pndb/)\n\n[![gtn star logo followed by the word workflows](http://galaxy-training.s3-website.us-east-1.amazonaws.com/misc/gtn-workflows.png)](https://training.galaxyproject.org/training-material/)",
      "version": "3.0",
      "license": "https://spdx.org/licenses/CC-BY-4.0",
      "datePublished": "2024-07-08T13:50:25.357+00:00",
      "mainEntity": {
        "@id": "obis-indicators.ga"
      },
      "hasPart": [
        {
          "@id": "obis-indicators.ga"
        },
        {
          "@id": "graph.png"
        }
      ]
    },
    {
      "@id": "obis-indicators.ga",
      "@type": [
        "File",
        "SoftwareSourceCode",
        "ComputationalWorkflow"
      ],
      "author": [
        {
          "@id": "https://orcid.org/0009-0008-0622-604X"
        }
      ],
      "name": "Marine Omics visualisation",
      "programmingLanguage": {
        "@id": "https://w3id.org/workflowhub/workflow-ro-crate#galaxy"
      },
      "image": {
        "@id": "graph.png"
      }
    },
    {
      "@id": "graph.png",
      "@type": [
        "File",
        "ImageObject",
        "WorkflowSketch"
      ],
      "contentSize": 0
    },
    {
      "@id": "https://w3id.org/workflowhub/workflow-ro-crate#galaxy",
      "@type": "ComputerLanguage",
      "identifier": {
        "@id": "https://galaxyproject.org/"
      },
      "name": "Galaxy",
      "url": {
        "@id": "https://galaxyproject.org/"
      },
      "version": "23.1"
    },
    {
      "@id": "https://orcid.org/0009-0008-0622-604X",
      "@type": "Person",
      "name": "Marie Jossé"
    }
  ]
}