{
  "@context": "https://w3id.org/ro/crate/1.1/context",
  "@graph": [
    {
      "@id": "ro-crate-metadata.json",
      "@type": "CreativeWork",
      "about": {
        "@id": "./"
      },
      "conformsTo": [
        {
          "@id": "https://w3id.org/ro/crate/1.1"
        },
        {
          "@id": "https://about.workflowhub.eu/Workflow-RO-Crate/"
        }
      ]
    },
    {
      "@id": "./",
      "@type": "Dataset",
      "datePublished": "2024-05-09T00:05:22.804+00:00",
      "mainEntity": {
        "@id": "main_workflow.ga"
      }
    },
    {
      "@id": "main_workflow.ga",
      "@type": [
        "File",
        "SoftwareSourceCode",
        "ComputationalWorkflow"
      ],
      "author": [
        {
          "@id": "#c0814964-af3f-490b-b128-e7470283576f"
        },
        {
          "@id": "#34dd9f5b-fb90-4d89-848a-3477d23a2977"
        },
        {
          "@id": "#8d96e359-d434-4d82-9603-f66f17ecab8e"
        },
        {
          "@id": "#e2e58dd0-eace-4b2e-8efc-dee37a6eef1d"
        }
      ],
      "license": {
        "@id": "https://spdx.org/licenses/GPL-3.0-or-later"
      },
      "name": "Genome Assembly using PacBio data",
      "version": 4,
      "programmingLanguage": {
        "@id": "https://w3id.org/workflowhub/workflow-ro-crate#galaxy"
      }
    },
    {
      "@id": "https://spdx.org/licenses/GPL-3.0-or-later",
      "@type": "CreativeWork",
      "name": "GPL-3.0-or-later"
    },
    {
      "@id": "https://w3id.org/workflowhub/workflow-ro-crate#galaxy",
      "@type": "ComputerLanguage",
      "identifier": {
        "@id": "https://galaxyproject.org/"
      },
      "name": "Galaxy",
      "url": {
        "@id": "https://galaxyproject.org/"
      },
      "version": "23.1"
    },
    {
      "@id": "#c0814964-af3f-490b-b128-e7470283576f",
      "@type": "Person",
      "name": "Erwan Corre"
    },
    {
      "@id": "#34dd9f5b-fb90-4d89-848a-3477d23a2977",
      "@type": "Person",
      "name": "Stéphanie Robin"
    },
    {
      "@id": "#8d96e359-d434-4d82-9603-f66f17ecab8e",
      "@type": "Person",
      "name": "Anthony Bretaudeau"
    },
    {
      "@id": "#e2e58dd0-eace-4b2e-8efc-dee37a6eef1d",
      "@type": "Person",
      "name": "Alexandre Cormier"
    }
  ]
}