{
  "@context": "https://w3id.org/ro/crate/1.1/context",
  "@graph": [
    {
      "@id": "ro-crate-metadata.json",
      "@type": "CreativeWork",
      "about": {
        "@id": "./"
      },
      "conformsTo": [
        {
          "@id": "https://w3id.org/ro/crate/1.1"
        },
        {
          "@id": "https://about.workflowhub.eu/Workflow-RO-Crate/"
        }
      ]
    },
    {
      "@id": "./",
      "@type": "Dataset",
      "datePublished": "2024-02-27T00:22:23.761+00:00",
      "mainEntity": {
        "@id": "main_workflow.ga"
      }
    },
    {
      "@id": "main_workflow.ga",
      "@type": [
        "File",
        "SoftwareSourceCode",
        "ComputationalWorkflow"
      ],
      "author": [
        {
          "@id": "#9a128870-4fa5-4ff9-85ba-dc407f0c6b8b"
        },
        {
          "@id": "#ccf230e9-c62c-4d8f-aa33-c5a95e1bf9e6"
        },
        {
          "@id": "#8da6030c-2019-4b35-ac36-af27d29e3c6b"
        },
        {
          "@id": "#b925d0f2-23df-4bdd-a9c0-ce6a8fed70e9"
        }
      ],
      "license": {
        "@id": "https://spdx.org/licenses/GPL-3.0-or-later"
      },
      "name": "Genome Assembly using PacBio data",
      "version": 4,
      "programmingLanguage": {
        "@id": "https://w3id.org/workflowhub/workflow-ro-crate#galaxy"
      }
    },
    {
      "@id": "https://spdx.org/licenses/GPL-3.0-or-later",
      "@type": "CreativeWork",
      "name": "GPL-3.0-or-later"
    },
    {
      "@id": "https://w3id.org/workflowhub/workflow-ro-crate#galaxy",
      "@type": "ComputerLanguage",
      "identifier": {
        "@id": "https://galaxyproject.org/"
      },
      "name": "Galaxy",
      "url": {
        "@id": "https://galaxyproject.org/"
      },
      "version": "23.1"
    },
    {
      "@id": "#9a128870-4fa5-4ff9-85ba-dc407f0c6b8b",
      "@type": "Person",
      "name": "Erwan Corre"
    },
    {
      "@id": "#ccf230e9-c62c-4d8f-aa33-c5a95e1bf9e6",
      "@type": "Person",
      "name": "Stéphanie Robin"
    },
    {
      "@id": "#8da6030c-2019-4b35-ac36-af27d29e3c6b",
      "@type": "Person",
      "name": "Anthony Bretaudeau"
    },
    {
      "@id": "#b925d0f2-23df-4bdd-a9c0-ce6a8fed70e9",
      "@type": "Person",
      "name": "Alexandre Cormier"
    }
  ]
}