{
  "@context": "https://w3id.org/ro/crate/1.1/context",
  "@graph": [
    {
      "@id": "ro-crate-metadata.json",
      "@type": "CreativeWork",
      "about": {
        "@id": "./"
      },
      "conformsTo": [
        {
          "@id": "https://w3id.org/ro/crate/1.1"
        },
        {
          "@id": "https://about.workflowhub.eu/Workflow-RO-Crate/"
        }
      ]
    },
    {
      "@id": "./",
      "@type": "Dataset",
      "datePublished": "2024-03-14T12:49:19.050+00:00",
      "mainEntity": {
        "@id": "main_workflow.ga"
      }
    },
    {
      "@id": "main_workflow.ga",
      "@type": [
        "File",
        "SoftwareSourceCode",
        "ComputationalWorkflow"
      ],
      "author": [
        {
          "@id": "#7c775fa5-57a3-41c6-b496-8f49039a553a"
        },
        {
          "@id": "#b1d40b88-5bea-4e71-9c77-851ffae29518"
        },
        {
          "@id": "#6a97144d-ce26-46a7-aa8d-2396e62cfe7c"
        },
        {
          "@id": "#d2407b84-acf5-4b78-a558-4c48bf1b6300"
        }
      ],
      "license": {
        "@id": "https://spdx.org/licenses/GPL-3.0-or-later"
      },
      "name": "Genome Assembly using PacBio data",
      "version": 4,
      "programmingLanguage": {
        "@id": "https://w3id.org/workflowhub/workflow-ro-crate#galaxy"
      }
    },
    {
      "@id": "https://spdx.org/licenses/GPL-3.0-or-later",
      "@type": "CreativeWork",
      "name": "GPL-3.0-or-later"
    },
    {
      "@id": "https://w3id.org/workflowhub/workflow-ro-crate#galaxy",
      "@type": "ComputerLanguage",
      "identifier": {
        "@id": "https://galaxyproject.org/"
      },
      "name": "Galaxy",
      "url": {
        "@id": "https://galaxyproject.org/"
      },
      "version": "23.1"
    },
    {
      "@id": "#7c775fa5-57a3-41c6-b496-8f49039a553a",
      "@type": "Person",
      "name": "Erwan Corre"
    },
    {
      "@id": "#b1d40b88-5bea-4e71-9c77-851ffae29518",
      "@type": "Person",
      "name": "Stéphanie Robin"
    },
    {
      "@id": "#6a97144d-ce26-46a7-aa8d-2396e62cfe7c",
      "@type": "Person",
      "name": "Anthony Bretaudeau"
    },
    {
      "@id": "#d2407b84-acf5-4b78-a558-4c48bf1b6300",
      "@type": "Person",
      "name": "Alexandre Cormier"
    }
  ]
}