{
  "@context": "https://w3id.org/ro/crate/1.1/context",
  "@graph": [
    {
      "@id": "ro-crate-metadata.json",
      "@type": "CreativeWork",
      "about": {
        "@id": "./"
      },
      "conformsTo": [
        {
          "@id": "https://w3id.org/ro/crate/1.1"
        },
        {
          "@id": "https://about.workflowhub.eu/Workflow-RO-Crate/"
        }
      ]
    },
    {
      "@id": "./",
      "@type": "Dataset",
      "datePublished": "2024-03-18T11:12:24.168+00:00",
      "mainEntity": {
        "@id": "main_workflow.ga"
      }
    },
    {
      "@id": "main_workflow.ga",
      "@type": [
        "File",
        "SoftwareSourceCode",
        "ComputationalWorkflow"
      ],
      "author": [
        {
          "@id": "#3a458d84-9c9c-46fd-83f6-369ce1db9230"
        },
        {
          "@id": "#cb75af3c-f655-40bb-9349-c13f9630103a"
        },
        {
          "@id": "#8960fd53-377c-4786-af54-41370d9b3aaa"
        },
        {
          "@id": "#98a8b934-2f6c-4315-a18e-f9d29d2627dd"
        }
      ],
      "license": {
        "@id": "https://spdx.org/licenses/GPL-3.0-or-later"
      },
      "name": "Genome Assembly using PacBio data",
      "version": 4,
      "programmingLanguage": {
        "@id": "https://w3id.org/workflowhub/workflow-ro-crate#galaxy"
      }
    },
    {
      "@id": "https://spdx.org/licenses/GPL-3.0-or-later",
      "@type": "CreativeWork",
      "name": "GPL-3.0-or-later"
    },
    {
      "@id": "https://w3id.org/workflowhub/workflow-ro-crate#galaxy",
      "@type": "ComputerLanguage",
      "identifier": {
        "@id": "https://galaxyproject.org/"
      },
      "name": "Galaxy",
      "url": {
        "@id": "https://galaxyproject.org/"
      },
      "version": "23.1"
    },
    {
      "@id": "#3a458d84-9c9c-46fd-83f6-369ce1db9230",
      "@type": "Person",
      "name": "Erwan Corre"
    },
    {
      "@id": "#cb75af3c-f655-40bb-9349-c13f9630103a",
      "@type": "Person",
      "name": "Stéphanie Robin"
    },
    {
      "@id": "#8960fd53-377c-4786-af54-41370d9b3aaa",
      "@type": "Person",
      "name": "Anthony Bretaudeau"
    },
    {
      "@id": "#98a8b934-2f6c-4315-a18e-f9d29d2627dd",
      "@type": "Person",
      "name": "Alexandre Cormier"
    }
  ]
}