{
  "@context": "https://w3id.org/ro/crate/1.1/context",
  "@graph": [
    {
      "@id": "ro-crate-metadata.json",
      "@type": "CreativeWork",
      "about": {
        "@id": "./"
      },
      "conformsTo": [
        {
          "@id": "https://w3id.org/ro/crate/1.1"
        },
        {
          "@id": "https://about.workflowhub.eu/Workflow-RO-Crate/"
        }
      ]
    },
    {
      "@id": "./",
      "@type": "Dataset",
      "datePublished": "2024-03-13T16:18:10.372+00:00",
      "mainEntity": {
        "@id": "main_workflow.ga"
      }
    },
    {
      "@id": "main_workflow.ga",
      "@type": [
        "File",
        "SoftwareSourceCode",
        "ComputationalWorkflow"
      ],
      "author": [
        {
          "@id": "#d73cfa22-03b9-401b-92ee-df02e44619a7"
        },
        {
          "@id": "#4a6ed677-5d9b-4177-9fea-5f040fd0ac92"
        },
        {
          "@id": "#560278bc-942e-4ecf-9b0b-008936354487"
        },
        {
          "@id": "#9267fb72-3e96-4edb-af1a-36137750a9a4"
        }
      ],
      "license": {
        "@id": "https://spdx.org/licenses/GPL-3.0-or-later"
      },
      "name": "Genome Assembly using PacBio data",
      "version": 4,
      "programmingLanguage": {
        "@id": "https://w3id.org/workflowhub/workflow-ro-crate#galaxy"
      }
    },
    {
      "@id": "https://spdx.org/licenses/GPL-3.0-or-later",
      "@type": "CreativeWork",
      "name": "GPL-3.0-or-later"
    },
    {
      "@id": "https://w3id.org/workflowhub/workflow-ro-crate#galaxy",
      "@type": "ComputerLanguage",
      "identifier": {
        "@id": "https://galaxyproject.org/"
      },
      "name": "Galaxy",
      "url": {
        "@id": "https://galaxyproject.org/"
      },
      "version": "23.1"
    },
    {
      "@id": "#d73cfa22-03b9-401b-92ee-df02e44619a7",
      "@type": "Person",
      "name": "Erwan Corre"
    },
    {
      "@id": "#4a6ed677-5d9b-4177-9fea-5f040fd0ac92",
      "@type": "Person",
      "name": "Stéphanie Robin"
    },
    {
      "@id": "#560278bc-942e-4ecf-9b0b-008936354487",
      "@type": "Person",
      "name": "Anthony Bretaudeau"
    },
    {
      "@id": "#9267fb72-3e96-4edb-af1a-36137750a9a4",
      "@type": "Person",
      "name": "Alexandre Cormier"
    }
  ]
}