{
  "@context": "https://w3id.org/ro/crate/1.1/context",
  "@graph": [
    {
      "@id": "ro-crate-metadata.json",
      "@type": "CreativeWork",
      "about": {
        "@id": "./"
      },
      "conformsTo": [
        {
          "@id": "https://w3id.org/ro/crate/1.1"
        },
        {
          "@id": "https://about.workflowhub.eu/Workflow-RO-Crate/"
        }
      ]
    },
    {
      "@id": "./",
      "@type": "Dataset",
      "datePublished": "2024-03-04T08:56:26.995+00:00",
      "mainEntity": {
        "@id": "main_workflow.ga"
      }
    },
    {
      "@id": "main_workflow.ga",
      "@type": [
        "File",
        "SoftwareSourceCode",
        "ComputationalWorkflow"
      ],
      "author": [
        {
          "@id": "#85946e9d-d9eb-4daf-8c8b-60f7702a7273"
        },
        {
          "@id": "#2aa30277-59d7-4d98-b034-c7ccd5cbfeab"
        },
        {
          "@id": "#8365cbd3-cad6-4748-888d-270f2e2c5d61"
        },
        {
          "@id": "#dcd9d038-566b-49cc-aa8b-13bf8444d3bc"
        }
      ],
      "license": {
        "@id": "https://spdx.org/licenses/GPL-3.0-or-later"
      },
      "name": "Genome Assembly using PacBio data",
      "version": 4,
      "programmingLanguage": {
        "@id": "https://w3id.org/workflowhub/workflow-ro-crate#galaxy"
      }
    },
    {
      "@id": "https://spdx.org/licenses/GPL-3.0-or-later",
      "@type": "CreativeWork",
      "name": "GPL-3.0-or-later"
    },
    {
      "@id": "https://w3id.org/workflowhub/workflow-ro-crate#galaxy",
      "@type": "ComputerLanguage",
      "identifier": {
        "@id": "https://galaxyproject.org/"
      },
      "name": "Galaxy",
      "url": {
        "@id": "https://galaxyproject.org/"
      },
      "version": "23.1"
    },
    {
      "@id": "#85946e9d-d9eb-4daf-8c8b-60f7702a7273",
      "@type": "Person",
      "name": "Erwan Corre"
    },
    {
      "@id": "#2aa30277-59d7-4d98-b034-c7ccd5cbfeab",
      "@type": "Person",
      "name": "Stéphanie Robin"
    },
    {
      "@id": "#8365cbd3-cad6-4748-888d-270f2e2c5d61",
      "@type": "Person",
      "name": "Anthony Bretaudeau"
    },
    {
      "@id": "#dcd9d038-566b-49cc-aa8b-13bf8444d3bc",
      "@type": "Person",
      "name": "Alexandre Cormier"
    }
  ]
}