{
  "@context": "https://w3id.org/ro/crate/1.1/context",
  "@graph": [
    {
      "@id": "ro-crate-metadata.json",
      "@type": "CreativeWork",
      "about": {
        "@id": "./"
      },
      "conformsTo": [
        {
          "@id": "https://w3id.org/ro/crate/1.1"
        },
        {
          "@id": "https://about.workflowhub.eu/Workflow-RO-Crate/"
        }
      ]
    },
    {
      "@id": "./",
      "@type": "Dataset",
      "datePublished": "2024-04-16T00:05:18.536+00:00",
      "mainEntity": {
        "@id": "main_workflow.ga"
      }
    },
    {
      "@id": "main_workflow.ga",
      "@type": [
        "File",
        "SoftwareSourceCode",
        "ComputationalWorkflow"
      ],
      "author": [
        {
          "@id": "#d083df7e-a1a1-4e3a-8e21-9c96b9c16390"
        },
        {
          "@id": "#601f4a26-7bbf-4bd5-9409-e6ec9e572425"
        },
        {
          "@id": "#68113e0e-1ef0-4c77-b64e-16f083ef097b"
        },
        {
          "@id": "#cc2aa6f4-8d31-4139-931b-043310a8abe0"
        }
      ],
      "license": {
        "@id": "https://spdx.org/licenses/GPL-3.0-or-later"
      },
      "name": "Genome Assembly using PacBio data",
      "version": 4,
      "programmingLanguage": {
        "@id": "https://w3id.org/workflowhub/workflow-ro-crate#galaxy"
      }
    },
    {
      "@id": "https://spdx.org/licenses/GPL-3.0-or-later",
      "@type": "CreativeWork",
      "name": "GPL-3.0-or-later"
    },
    {
      "@id": "https://w3id.org/workflowhub/workflow-ro-crate#galaxy",
      "@type": "ComputerLanguage",
      "identifier": {
        "@id": "https://galaxyproject.org/"
      },
      "name": "Galaxy",
      "url": {
        "@id": "https://galaxyproject.org/"
      },
      "version": "23.1"
    },
    {
      "@id": "#d083df7e-a1a1-4e3a-8e21-9c96b9c16390",
      "@type": "Person",
      "name": "Erwan Corre"
    },
    {
      "@id": "#601f4a26-7bbf-4bd5-9409-e6ec9e572425",
      "@type": "Person",
      "name": "Stéphanie Robin"
    },
    {
      "@id": "#68113e0e-1ef0-4c77-b64e-16f083ef097b",
      "@type": "Person",
      "name": "Anthony Bretaudeau"
    },
    {
      "@id": "#cc2aa6f4-8d31-4139-931b-043310a8abe0",
      "@type": "Person",
      "name": "Alexandre Cormier"
    }
  ]
}