{
  "@context": "https://w3id.org/ro/crate/1.1/context",
  "@graph": [
    {
      "@id": "ro-crate-metadata.json",
      "@type": "CreativeWork",
      "about": {
        "@id": "./"
      },
      "conformsTo": [
        {
          "@id": "https://w3id.org/ro/crate/1.1"
        },
        {
          "@id": "https://about.workflowhub.eu/Workflow-RO-Crate/"
        }
      ]
    },
    {
      "@id": "./",
      "@type": "Dataset",
      "datePublished": "2024-05-20T00:08:04.957+00:00",
      "mainEntity": {
        "@id": "main_workflow.ga"
      }
    },
    {
      "@id": "main_workflow.ga",
      "@type": [
        "File",
        "SoftwareSourceCode",
        "ComputationalWorkflow"
      ],
      "author": [
        {
          "@id": "#1f6ef09d-7b54-4c62-a9d4-6ec756136b07"
        },
        {
          "@id": "#cbf9f6a8-63dc-4f63-aa5c-e2b9482f2518"
        },
        {
          "@id": "#1c85240f-3e0b-4c64-b702-cfc6ae08d193"
        },
        {
          "@id": "#3bd78ec8-48d1-4be7-8648-f570f46ec2b4"
        }
      ],
      "license": {
        "@id": "https://spdx.org/licenses/GPL-3.0-or-later"
      },
      "name": "Genome Assembly using PacBio data",
      "version": 4,
      "programmingLanguage": {
        "@id": "https://w3id.org/workflowhub/workflow-ro-crate#galaxy"
      }
    },
    {
      "@id": "https://spdx.org/licenses/GPL-3.0-or-later",
      "@type": "CreativeWork",
      "name": "GPL-3.0-or-later"
    },
    {
      "@id": "https://w3id.org/workflowhub/workflow-ro-crate#galaxy",
      "@type": "ComputerLanguage",
      "identifier": {
        "@id": "https://galaxyproject.org/"
      },
      "name": "Galaxy",
      "url": {
        "@id": "https://galaxyproject.org/"
      },
      "version": "23.1"
    },
    {
      "@id": "#1f6ef09d-7b54-4c62-a9d4-6ec756136b07",
      "@type": "Person",
      "name": "Erwan Corre"
    },
    {
      "@id": "#cbf9f6a8-63dc-4f63-aa5c-e2b9482f2518",
      "@type": "Person",
      "name": "Stéphanie Robin"
    },
    {
      "@id": "#1c85240f-3e0b-4c64-b702-cfc6ae08d193",
      "@type": "Person",
      "name": "Anthony Bretaudeau"
    },
    {
      "@id": "#3bd78ec8-48d1-4be7-8648-f570f46ec2b4",
      "@type": "Person",
      "name": "Alexandre Cormier"
    }
  ]
}