{
  "@context": [
    "https://w3id.org/ro/crate/1.1/context"
  ],
  "@graph": [
    {
      "@id": "ro-crate-metadata.json",
      "@type": "CreativeWork",
      "about": {
        "@id": "https://training.galaxyproject.org/training-material/topics/statistics/tutorials/text-mining_simtext/workflows/main_workflow.html"
      },
      "conformsTo": {
        "@id": "https://w3id.org/ro/crate/1.1"
      }
    },
    {
      "@id": "https://training.galaxyproject.org/training-material/topics/statistics/tutorials/text-mining_simtext/workflows/main_workflow.html",
      "@type": "Dataset",
      "name": "Simtext training workflow",
      "description": "In this workflow the similarity among set of search queries (e.g. genes) is analyzed based on the associated vocabulary in PubMed. The last tool is an interactive tool that enables the inspection of the data.\n\n## Associated Tutorial\n\nThis workflows is part of the tutorial [Simtext training workflow](https://training.galaxyproject.org/training-material/topics/statistics/tutorials/text-mining_simtext/tutorial.html), available in the [GTN](https://training.galaxyproject.org)\n\n\n\n\n\n## Thanks to...\n\n**Tutorial Author(s)**: [Marie Gramm](https://training.galaxyproject.org/training-material/hall-of-fame/mgramm1/), [Dennis Lal group](https://training.galaxyproject.org/training-material/hall-of-fame/dlalgroup/), [Daniel Blankenberg](https://training.galaxyproject.org/training-material/hall-of-fame/blankenberg/)\n\n**Workflow Author(s)**: \n\n[![gtn star logo followed by the word workflows](http://galaxy-training.s3-website.us-east-1.amazonaws.com/misc/gtn-workflows.png)](https://training.galaxyproject.org/training-material/)",
      "version": "1.0",
      "license": "https://spdx.org/licenses/CC-BY-4.0",
      "datePublished": "2024-07-07T00:06:02.585+00:00",
      "mainEntity": {
        "@id": "main-workflow.ga"
      },
      "hasPart": [
        {
          "@id": "main-workflow.ga"
        },
        {
          "@id": "graph.png"
        }
      ]
    },
    {
      "@id": "main-workflow.ga",
      "@type": [
        "File",
        "SoftwareSourceCode",
        "ComputationalWorkflow"
      ],
      "author": [
        {
          "@id": "#fa5824a3-0b5a-46ef-b238-ed5997d1214d"
        }
      ],
      "name": "Simtext training workflow",
      "programmingLanguage": {
        "@id": "https://w3id.org/workflowhub/workflow-ro-crate#galaxy"
      },
      "image": {
        "@id": "graph.png"
      }
    },
    {
      "@id": "graph.png",
      "@type": [
        "File",
        "ImageObject",
        "WorkflowSketch"
      ],
      "contentSize": 0
    },
    {
      "@id": "https://w3id.org/workflowhub/workflow-ro-crate#galaxy",
      "@type": "ComputerLanguage",
      "identifier": {
        "@id": "https://galaxyproject.org/"
      },
      "name": "Galaxy",
      "url": {
        "@id": "https://galaxyproject.org/"
      },
      "version": "23.1"
    },
    {
      "@id": "#fa5824a3-0b5a-46ef-b238-ed5997d1214d",
      "@type": "Person",
      "name": ""
    }
  ]
}