{
  "@context": [
    "https://w3id.org/ro/crate/1.1/context"
  ],
  "@graph": [
    {
      "@id": "ro-crate-metadata.json",
      "@type": "CreativeWork",
      "about": {
        "@id": "https://training.galaxyproject.org/training-material/topics/epigenetics/tutorials/estrogen-receptor-binding-site-identification/workflows/qc_mapping.html"
      },
      "conformsTo": {
        "@id": "https://w3id.org/ro/crate/1.1"
      }
    },
    {
      "@id": "https://training.galaxyproject.org/training-material/topics/epigenetics/tutorials/estrogen-receptor-binding-site-identification/workflows/qc_mapping.html",
      "@type": "Dataset",
      "name": "Identification Of The Binding Sites Of The Estrogen Receptor - Qc Mapping",
      "description": "Identification of the binding sites of the Estrogen receptor\n\n## Associated Tutorial\n\nThis workflows is part of the tutorial [Identification of the binding sites of the Estrogen receptor](https://training.galaxyproject.org/training-material/topics/epigenetics/tutorials/estrogen-receptor-binding-site-identification/tutorial.html), available in the [GTN](https://training.galaxyproject.org)\n\n\n\n\n\n## Thanks to...\n\n**Tutorial Author(s)**: [Friederike Dündar](https://training.galaxyproject.org/training-material/hall-of-fame/friedue/), [Anika Erxleben](https://training.galaxyproject.org/training-material/hall-of-fame/erxleben/), [Bérénice Batut](https://training.galaxyproject.org/training-material/hall-of-fame/bebatut/), [Vivek Bhardwaj](https://training.galaxyproject.org/training-material/hall-of-fame/vivekbhr/), [Fidel Ramirez](https://training.galaxyproject.org/training-material/hall-of-fame/fidelram/)\n\n[![gtn star logo followed by the word workflows](https://training.galaxyproject.org/training-material/assets/branding/gtn-workflows.png)](https://training.galaxyproject.org/training-material/)",
      "version": "4.0",
      "license": "https://spdx.org/licenses/CC-BY-4.0",
      "datePublished": "2024-08-22T08:45:16.649+00:00",
      "mainEntity": {
        "@id": "qc-mapping.ga"
      },
      "hasPart": [
        {
          "@id": "qc-mapping.ga"
        },
        {
          "@id": "graph.png"
        }
      ]
    },
    {
      "@id": "qc-mapping.ga",
      "@type": [
        "File",
        "SoftwareSourceCode",
        "ComputationalWorkflow"
      ],
      "author": [

      ],
      "name": "Identification Of The Binding Sites Of The Estrogen Receptor - Qc Mapping",
      "programmingLanguage": {
        "@id": "https://w3id.org/workflowhub/workflow-ro-crate#galaxy"
      },
      "image": {
        "@id": "graph.png"
      }
    },
    {
      "@id": "graph.png",
      "@type": [
        "File",
        "ImageObject",
        "WorkflowSketch"
      ],
      "contentSize": 0
    },
    {
      "@id": "https://w3id.org/workflowhub/workflow-ro-crate#galaxy",
      "@type": "ComputerLanguage",
      "identifier": {
        "@id": "https://galaxyproject.org/"
      },
      "name": "Galaxy",
      "url": {
        "@id": "https://galaxyproject.org/"
      },
      "version": "23.1"
    }
  ]
}