{
  "@context": [
    "https://w3id.org/ro/crate/1.1/context"
  ],
  "@graph": [
    {
      "@id": "ro-crate-metadata.json",
      "@type": "CreativeWork",
      "about": {
        "@id": "https://training.galaxyproject.org/training-material/topics/ecology/tutorials/PAMPA-toolsuite-tutorial/workflows/Galaxy-Workflow-Compute_and_analyze_biodiversity_metrics_with_PAMPA_toolsuite.html"
      },
      "conformsTo": {
        "@id": "https://w3id.org/ro/crate/1.1"
      }
    },
    {
      "@id": "https://training.galaxyproject.org/training-material/topics/ecology/tutorials/PAMPA-toolsuite-tutorial/workflows/Galaxy-Workflow-Compute_and_analyze_biodiversity_metrics_with_PAMPA_toolsuite.html",
      "@type": "Dataset",
      "name": "Compute and analyze biodiversity metrics with PAMPA toolsuite",
      "description": "Compute and analyze biodiversity metrics with PAMPA toolsuite\n\n## Associated Tutorial\n\nThis workflows is part of the tutorial [Compute and analyze biodiversity metrics with PAMPA toolsuite](https://training.galaxyproject.org/training-material/topics/ecology/tutorials/PAMPA-toolsuite-tutorial/tutorial.html), available in the [GTN](https://training.galaxyproject.org)\n\n\n\n\n\n## Thanks to...\n\n**Tutorial Author(s)**: [Coline Royaux](https://training.galaxyproject.org/training-material/hall-of-fame/colineroyaux/), [Yvan Le Bras](https://training.galaxyproject.org/training-material/hall-of-fame/yvanlebras/), [Dominique Pelletier](https://training.galaxyproject.org/training-material/hall-of-fame/dpelletier/), [Jean-Baptiste Mihoub](https://training.galaxyproject.org/training-material/hall-of-fame/jbmihoub/)\n\n**Funder(s)**: [Gallantries: Bridging Training Communities in Life Science, Environment and Health](https://training.galaxyproject.org/training-material/hall-of-fame/gallantries/), [Pôle National de Données de Biodiversité](https://training.galaxyproject.org/training-material/hall-of-fame/pndb/)\n\n[![gtn star logo followed by the word workflows](http://galaxy-training.s3-website.us-east-1.amazonaws.com/misc/gtn-workflows.png)](https://training.galaxyproject.org/training-material/)",
      "version": "5.0",
      "license": "https://spdx.org/licenses/CC-BY-4.0",
      "datePublished": "2024-06-27T14:44:49.506+00:00",
      "mainEntity": {
        "@id": "galaxy-workflow-compute-and-analyze-biodiversity-metrics-with-pampa-toolsuite.ga"
      },
      "hasPart": [
        {
          "@id": "galaxy-workflow-compute-and-analyze-biodiversity-metrics-with-pampa-toolsuite.ga"
        },
        {
          "@id": "graph.png"
        }
      ]
    },
    {
      "@id": "galaxy-workflow-compute-and-analyze-biodiversity-metrics-with-pampa-toolsuite.ga",
      "@type": [
        "File",
        "SoftwareSourceCode",
        "ComputationalWorkflow"
      ],
      "author": [

      ],
      "name": "Compute and analyze biodiversity metrics with PAMPA toolsuite",
      "programmingLanguage": {
        "@id": "https://w3id.org/workflowhub/workflow-ro-crate#galaxy"
      },
      "image": {
        "@id": "graph.png"
      }
    },
    {
      "@id": "graph.png",
      "@type": [
        "File",
        "ImageObject",
        "WorkflowSketch"
      ],
      "contentSize": 0
    },
    {
      "@id": "https://w3id.org/workflowhub/workflow-ro-crate#galaxy",
      "@type": "ComputerLanguage",
      "identifier": {
        "@id": "https://galaxyproject.org/"
      },
      "name": "Galaxy",
      "url": {
        "@id": "https://galaxyproject.org/"
      },
      "version": "23.1"
    }
  ]
}