{
  "@context": "https://w3id.org/ro/crate/1.1/context",
  "@graph": [
    {
      "@id": "ro-crate-metadata.json",
      "@type": "CreativeWork",
      "about": {
        "@id": "./"
      },
      "conformsTo": [
        {
          "@id": "https://w3id.org/ro/crate/1.1"
        },
        {
          "@id": "https://about.workflowhub.eu/Workflow-RO-Crate/"
        }
      ]
    },
    {
      "@id": "./",
      "@type": "Dataset",
      "datePublished": "2024-05-10T11:24:19.650+00:00",
      "mainEntity": {
        "@id": "tree-building.ga"
      }
    },
    {
      "@id": "tree-building.ga",
      "@type": [
        "File",
        "SoftwareSourceCode",
        "ComputationalWorkflow"
      ],
      "author": [
        {
          "@id": "https://orcid.org/0000-0001-9760-8992"
        },
        {
          "@id": "https://orcid.org/0000-0001-8385-341X"
        }
      ],
      "license": {
        "@id": "https://spdx.org/licenses/MIT"
      },
      "name": "Tree Building (imported from uploaded file)",
      "version": 3,
      "programmingLanguage": {
        "@id": "https://w3id.org/workflowhub/workflow-ro-crate#galaxy"
      }
    },
    {
      "@id": "https://spdx.org/licenses/MIT",
      "@type": "CreativeWork",
      "name": "MIT"
    },
    {
      "@id": "https://w3id.org/workflowhub/workflow-ro-crate#galaxy",
      "@type": "ComputerLanguage",
      "identifier": {
        "@id": "https://galaxyproject.org/"
      },
      "name": "Galaxy",
      "url": {
        "@id": "https://galaxyproject.org/"
      },
      "version": "23.1"
    },
    {
      "@id": "https://orcid.org/0000-0001-9760-8992",
      "@type": "Person",
      "name": "Helena Rasche"
    },
    {
      "@id": "https://orcid.org/0000-0001-8385-341X",
      "@type": "Person",
      "name": "Michael Charleston"
    }
  ]
}