{
  "@context": "https://w3id.org/ro/crate/1.1/context",
  "@graph": [
    {
      "@id": "ro-crate-metadata.json",
      "@type": "CreativeWork",
      "about": {
        "@id": "./"
      },
      "conformsTo": [
        {
          "@id": "https://w3id.org/ro/crate/1.1"
        },
        {
          "@id": "https://about.workflowhub.eu/Workflow-RO-Crate/"
        }
      ]
    },
    {
      "@id": "./",
      "@type": "Dataset",
      "datePublished": "2024-05-08T08:17:36.888+00:00",
      "mainEntity": {
        "@id": "main_workflow.ga"
      }
    },
    {
      "@id": "main_workflow.ga",
      "@type": [
        "File",
        "SoftwareSourceCode",
        "ComputationalWorkflow"
      ],
      "author": [
        {
          "@id": "#a35bef95-98a4-4a24-9575-6b457b39cdb2"
        },
        {
          "@id": "#18c047f9-1a32-45e0-9970-43896beb03bd"
        },
        {
          "@id": "#0755c436-6d67-4e3a-bad2-d5c003e5acac"
        },
        {
          "@id": "#0b5c1208-3313-48f8-a54c-51ef94b15821"
        }
      ],
      "license": {
        "@id": "https://spdx.org/licenses/GPL-3.0-or-later"
      },
      "name": "Genome Assembly using PacBio data",
      "version": 4,
      "programmingLanguage": {
        "@id": "https://w3id.org/workflowhub/workflow-ro-crate#galaxy"
      }
    },
    {
      "@id": "https://spdx.org/licenses/GPL-3.0-or-later",
      "@type": "CreativeWork",
      "name": "GPL-3.0-or-later"
    },
    {
      "@id": "https://w3id.org/workflowhub/workflow-ro-crate#galaxy",
      "@type": "ComputerLanguage",
      "identifier": {
        "@id": "https://galaxyproject.org/"
      },
      "name": "Galaxy",
      "url": {
        "@id": "https://galaxyproject.org/"
      },
      "version": "23.1"
    },
    {
      "@id": "#a35bef95-98a4-4a24-9575-6b457b39cdb2",
      "@type": "Person",
      "name": "Erwan Corre"
    },
    {
      "@id": "#18c047f9-1a32-45e0-9970-43896beb03bd",
      "@type": "Person",
      "name": "Stéphanie Robin"
    },
    {
      "@id": "#0755c436-6d67-4e3a-bad2-d5c003e5acac",
      "@type": "Person",
      "name": "Anthony Bretaudeau"
    },
    {
      "@id": "#0b5c1208-3313-48f8-a54c-51ef94b15821",
      "@type": "Person",
      "name": "Alexandre Cormier"
    }
  ]
}