{
  "@context": "https://w3id.org/ro/crate/1.1/context",
  "@graph": [
    {
      "@id": "ro-crate-metadata.json",
      "@type": "CreativeWork",
      "about": {
        "@id": "./"
      },
      "conformsTo": [
        {
          "@id": "https://w3id.org/ro/crate/1.1"
        },
        {
          "@id": "https://about.workflowhub.eu/Workflow-RO-Crate/"
        }
      ]
    },
    {
      "@id": "./",
      "@type": "Dataset",
      "datePublished": "2024-04-02T08:15:05.140+00:00",
      "mainEntity": {
        "@id": "main_workflow.ga"
      }
    },
    {
      "@id": "main_workflow.ga",
      "@type": [
        "File",
        "SoftwareSourceCode",
        "ComputationalWorkflow"
      ],
      "author": [
        {
          "@id": "#ac85881e-bb98-404d-a70f-758e1e395a33"
        },
        {
          "@id": "#95087830-42ad-44ed-8859-1f37a27585c9"
        },
        {
          "@id": "#2a1a5abb-ead5-4e60-b421-6fda91aa460c"
        },
        {
          "@id": "#124a4f3f-50f0-4aac-805f-59edf4c16016"
        }
      ],
      "license": {
        "@id": "https://spdx.org/licenses/GPL-3.0-or-later"
      },
      "name": "Genome Assembly using PacBio data",
      "version": 4,
      "programmingLanguage": {
        "@id": "https://w3id.org/workflowhub/workflow-ro-crate#galaxy"
      }
    },
    {
      "@id": "https://spdx.org/licenses/GPL-3.0-or-later",
      "@type": "CreativeWork",
      "name": "GPL-3.0-or-later"
    },
    {
      "@id": "https://w3id.org/workflowhub/workflow-ro-crate#galaxy",
      "@type": "ComputerLanguage",
      "identifier": {
        "@id": "https://galaxyproject.org/"
      },
      "name": "Galaxy",
      "url": {
        "@id": "https://galaxyproject.org/"
      },
      "version": "23.1"
    },
    {
      "@id": "#ac85881e-bb98-404d-a70f-758e1e395a33",
      "@type": "Person",
      "name": "Erwan Corre"
    },
    {
      "@id": "#95087830-42ad-44ed-8859-1f37a27585c9",
      "@type": "Person",
      "name": "Stéphanie Robin"
    },
    {
      "@id": "#2a1a5abb-ead5-4e60-b421-6fda91aa460c",
      "@type": "Person",
      "name": "Anthony Bretaudeau"
    },
    {
      "@id": "#124a4f3f-50f0-4aac-805f-59edf4c16016",
      "@type": "Person",
      "name": "Alexandre Cormier"
    }
  ]
}