{
  "@context": "https://w3id.org/ro/crate/1.1/context",
  "@graph": [
    {
      "@id": "ro-crate-metadata.json",
      "@type": "CreativeWork",
      "about": {
        "@id": "./"
      },
      "conformsTo": [
        {
          "@id": "https://w3id.org/ro/crate/1.1"
        },
        {
          "@id": "https://about.workflowhub.eu/Workflow-RO-Crate/"
        }
      ]
    },
    {
      "@id": "./",
      "@type": "Dataset",
      "datePublished": "2024-03-12T16:39:52.929+00:00",
      "mainEntity": {
        "@id": "main_workflow.ga"
      }
    },
    {
      "@id": "main_workflow.ga",
      "@type": [
        "File",
        "SoftwareSourceCode",
        "ComputationalWorkflow"
      ],
      "author": [
        {
          "@id": "#e2376984-6acf-44a5-a11a-5774c6e5b0a5"
        },
        {
          "@id": "#d8564498-fe4c-4ddf-950f-e206a915a2f7"
        },
        {
          "@id": "#1fa7ad72-3aa6-4679-b809-1b7225be3184"
        },
        {
          "@id": "#a18259ba-2fad-4dee-b4c4-fa5b9f196a5e"
        }
      ],
      "license": {
        "@id": "https://spdx.org/licenses/GPL-3.0-or-later"
      },
      "name": "Genome Assembly using PacBio data",
      "version": 4,
      "programmingLanguage": {
        "@id": "https://w3id.org/workflowhub/workflow-ro-crate#galaxy"
      }
    },
    {
      "@id": "https://spdx.org/licenses/GPL-3.0-or-later",
      "@type": "CreativeWork",
      "name": "GPL-3.0-or-later"
    },
    {
      "@id": "https://w3id.org/workflowhub/workflow-ro-crate#galaxy",
      "@type": "ComputerLanguage",
      "identifier": {
        "@id": "https://galaxyproject.org/"
      },
      "name": "Galaxy",
      "url": {
        "@id": "https://galaxyproject.org/"
      },
      "version": "23.1"
    },
    {
      "@id": "#e2376984-6acf-44a5-a11a-5774c6e5b0a5",
      "@type": "Person",
      "name": "Erwan Corre"
    },
    {
      "@id": "#d8564498-fe4c-4ddf-950f-e206a915a2f7",
      "@type": "Person",
      "name": "Stéphanie Robin"
    },
    {
      "@id": "#1fa7ad72-3aa6-4679-b809-1b7225be3184",
      "@type": "Person",
      "name": "Anthony Bretaudeau"
    },
    {
      "@id": "#a18259ba-2fad-4dee-b4c4-fa5b9f196a5e",
      "@type": "Person",
      "name": "Alexandre Cormier"
    }
  ]
}