{
  "@context": "https://w3id.org/ro/crate/1.1/context",
  "@graph": [
    {
      "@id": "ro-crate-metadata.json",
      "@type": "CreativeWork",
      "about": {
        "@id": "./"
      },
      "conformsTo": [
        {
          "@id": "https://w3id.org/ro/crate/1.1"
        },
        {
          "@id": "https://about.workflowhub.eu/Workflow-RO-Crate/"
        }
      ]
    },
    {
      "@id": "./",
      "@type": "Dataset",
      "datePublished": "2024-03-24T11:32:44.711+00:00",
      "mainEntity": {
        "@id": "main_workflow.ga"
      }
    },
    {
      "@id": "main_workflow.ga",
      "@type": [
        "File",
        "SoftwareSourceCode",
        "ComputationalWorkflow"
      ],
      "author": [
        {
          "@id": "#d4b14035-fb60-4791-8032-498c614b7b10"
        },
        {
          "@id": "#8581552d-c93a-45f7-bc6b-6e728dc257e7"
        },
        {
          "@id": "#5412171f-2f45-441d-b182-5675bf1736ae"
        },
        {
          "@id": "#dc7a3d2d-958c-4497-9ba9-f3c37bd44efd"
        }
      ],
      "license": {
        "@id": "https://spdx.org/licenses/GPL-3.0-or-later"
      },
      "name": "Genome Assembly using PacBio data",
      "version": 4,
      "programmingLanguage": {
        "@id": "https://w3id.org/workflowhub/workflow-ro-crate#galaxy"
      }
    },
    {
      "@id": "https://spdx.org/licenses/GPL-3.0-or-later",
      "@type": "CreativeWork",
      "name": "GPL-3.0-or-later"
    },
    {
      "@id": "https://w3id.org/workflowhub/workflow-ro-crate#galaxy",
      "@type": "ComputerLanguage",
      "identifier": {
        "@id": "https://galaxyproject.org/"
      },
      "name": "Galaxy",
      "url": {
        "@id": "https://galaxyproject.org/"
      },
      "version": "23.1"
    },
    {
      "@id": "#d4b14035-fb60-4791-8032-498c614b7b10",
      "@type": "Person",
      "name": "Erwan Corre"
    },
    {
      "@id": "#8581552d-c93a-45f7-bc6b-6e728dc257e7",
      "@type": "Person",
      "name": "Stéphanie Robin"
    },
    {
      "@id": "#5412171f-2f45-441d-b182-5675bf1736ae",
      "@type": "Person",
      "name": "Anthony Bretaudeau"
    },
    {
      "@id": "#dc7a3d2d-958c-4497-9ba9-f3c37bd44efd",
      "@type": "Person",
      "name": "Alexandre Cormier"
    }
  ]
}