{
  "@context": "https://w3id.org/ro/crate/1.1/context",
  "@graph": [
    {
      "@id": "ro-crate-metadata.json",
      "@type": "CreativeWork",
      "about": {
        "@id": "./"
      },
      "conformsTo": [
        {
          "@id": "https://w3id.org/ro/crate/1.1"
        },
        {
          "@id": "https://about.workflowhub.eu/Workflow-RO-Crate/"
        }
      ]
    },
    {
      "@id": "./",
      "@type": "Dataset",
      "datePublished": "2024-03-04T11:15:00.940+00:00",
      "mainEntity": {
        "@id": "main_workflow.ga"
      }
    },
    {
      "@id": "main_workflow.ga",
      "@type": [
        "File",
        "SoftwareSourceCode",
        "ComputationalWorkflow"
      ],
      "author": [
        {
          "@id": "#9d429e89-a618-4f13-a751-50a06532ecf3"
        },
        {
          "@id": "#c552bb4a-70a8-4682-940f-61a92b9c3949"
        },
        {
          "@id": "#4bfb94b9-27ab-4a89-865a-bb9d4328ab4d"
        },
        {
          "@id": "#9dbc6012-ec65-41a7-9d9b-af0d9584e249"
        }
      ],
      "license": {
        "@id": "https://spdx.org/licenses/GPL-3.0-or-later"
      },
      "name": "Genome Assembly using PacBio data",
      "version": 4,
      "programmingLanguage": {
        "@id": "https://w3id.org/workflowhub/workflow-ro-crate#galaxy"
      }
    },
    {
      "@id": "https://spdx.org/licenses/GPL-3.0-or-later",
      "@type": "CreativeWork",
      "name": "GPL-3.0-or-later"
    },
    {
      "@id": "https://w3id.org/workflowhub/workflow-ro-crate#galaxy",
      "@type": "ComputerLanguage",
      "identifier": {
        "@id": "https://galaxyproject.org/"
      },
      "name": "Galaxy",
      "url": {
        "@id": "https://galaxyproject.org/"
      },
      "version": "23.1"
    },
    {
      "@id": "#9d429e89-a618-4f13-a751-50a06532ecf3",
      "@type": "Person",
      "name": "Erwan Corre"
    },
    {
      "@id": "#c552bb4a-70a8-4682-940f-61a92b9c3949",
      "@type": "Person",
      "name": "Stéphanie Robin"
    },
    {
      "@id": "#4bfb94b9-27ab-4a89-865a-bb9d4328ab4d",
      "@type": "Person",
      "name": "Anthony Bretaudeau"
    },
    {
      "@id": "#9dbc6012-ec65-41a7-9d9b-af0d9584e249",
      "@type": "Person",
      "name": "Alexandre Cormier"
    }
  ]
}