{
  "@context": "https://w3id.org/ro/crate/1.1/context",
  "@graph": [
    {
      "@id": "ro-crate-metadata.json",
      "@type": "CreativeWork",
      "about": {
        "@id": "./"
      },
      "conformsTo": [
        {
          "@id": "https://w3id.org/ro/crate/1.1"
        },
        {
          "@id": "https://about.workflowhub.eu/Workflow-RO-Crate/"
        }
      ]
    },
    {
      "@id": "./",
      "@type": "Dataset",
      "datePublished": "2024-04-22T06:25:33.246+00:00",
      "mainEntity": {
        "@id": "main_workflow.ga"
      }
    },
    {
      "@id": "main_workflow.ga",
      "@type": [
        "File",
        "SoftwareSourceCode",
        "ComputationalWorkflow"
      ],
      "author": [
        {
          "@id": "#d56a61ed-575c-4f05-afb1-665132b57588"
        },
        {
          "@id": "#047a3d96-be43-4898-9bd8-7215f630e294"
        },
        {
          "@id": "#2427c338-b4a8-44be-bd38-e51db86005aa"
        },
        {
          "@id": "#ab556edc-814e-46ac-be86-540266fdc2b0"
        }
      ],
      "license": {
        "@id": "https://spdx.org/licenses/GPL-3.0-or-later"
      },
      "name": "Genome Assembly using PacBio data",
      "version": 4,
      "programmingLanguage": {
        "@id": "https://w3id.org/workflowhub/workflow-ro-crate#galaxy"
      }
    },
    {
      "@id": "https://spdx.org/licenses/GPL-3.0-or-later",
      "@type": "CreativeWork",
      "name": "GPL-3.0-or-later"
    },
    {
      "@id": "https://w3id.org/workflowhub/workflow-ro-crate#galaxy",
      "@type": "ComputerLanguage",
      "identifier": {
        "@id": "https://galaxyproject.org/"
      },
      "name": "Galaxy",
      "url": {
        "@id": "https://galaxyproject.org/"
      },
      "version": "23.1"
    },
    {
      "@id": "#d56a61ed-575c-4f05-afb1-665132b57588",
      "@type": "Person",
      "name": "Erwan Corre"
    },
    {
      "@id": "#047a3d96-be43-4898-9bd8-7215f630e294",
      "@type": "Person",
      "name": "Stéphanie Robin"
    },
    {
      "@id": "#2427c338-b4a8-44be-bd38-e51db86005aa",
      "@type": "Person",
      "name": "Anthony Bretaudeau"
    },
    {
      "@id": "#ab556edc-814e-46ac-be86-540266fdc2b0",
      "@type": "Person",
      "name": "Alexandre Cormier"
    }
  ]
}