{
  "@context": "https://w3id.org/ro/crate/1.1/context",
  "@graph": [
    {
      "@id": "ro-crate-metadata.json",
      "@type": "CreativeWork",
      "about": {
        "@id": "./"
      },
      "conformsTo": [
        {
          "@id": "https://w3id.org/ro/crate/1.1"
        },
        {
          "@id": "https://about.workflowhub.eu/Workflow-RO-Crate/"
        }
      ]
    },
    {
      "@id": "./",
      "@type": "Dataset",
      "datePublished": "2024-03-26T00:04:43.596+00:00",
      "mainEntity": {
        "@id": "main_workflow.ga"
      }
    },
    {
      "@id": "main_workflow.ga",
      "@type": [
        "File",
        "SoftwareSourceCode",
        "ComputationalWorkflow"
      ],
      "author": [
        {
          "@id": "#6a4e2899-f6dd-4d64-8376-b6a52e737933"
        },
        {
          "@id": "#3feee6cf-0ecd-482f-b90b-72ca1a2a5735"
        },
        {
          "@id": "#58bc191e-d58d-4990-be1b-8205a70b86fc"
        },
        {
          "@id": "#fbabccee-9cff-40d4-9199-cfeacd32256f"
        }
      ],
      "license": {
        "@id": "https://spdx.org/licenses/GPL-3.0-or-later"
      },
      "name": "Genome Assembly using PacBio data",
      "version": 4,
      "programmingLanguage": {
        "@id": "https://w3id.org/workflowhub/workflow-ro-crate#galaxy"
      }
    },
    {
      "@id": "https://spdx.org/licenses/GPL-3.0-or-later",
      "@type": "CreativeWork",
      "name": "GPL-3.0-or-later"
    },
    {
      "@id": "https://w3id.org/workflowhub/workflow-ro-crate#galaxy",
      "@type": "ComputerLanguage",
      "identifier": {
        "@id": "https://galaxyproject.org/"
      },
      "name": "Galaxy",
      "url": {
        "@id": "https://galaxyproject.org/"
      },
      "version": "23.1"
    },
    {
      "@id": "#6a4e2899-f6dd-4d64-8376-b6a52e737933",
      "@type": "Person",
      "name": "Erwan Corre"
    },
    {
      "@id": "#3feee6cf-0ecd-482f-b90b-72ca1a2a5735",
      "@type": "Person",
      "name": "Stéphanie Robin"
    },
    {
      "@id": "#58bc191e-d58d-4990-be1b-8205a70b86fc",
      "@type": "Person",
      "name": "Anthony Bretaudeau"
    },
    {
      "@id": "#fbabccee-9cff-40d4-9199-cfeacd32256f",
      "@type": "Person",
      "name": "Alexandre Cormier"
    }
  ]
}