{
  "@context": "https://w3id.org/ro/crate/1.1/context",
  "@graph": [
    {
      "@id": "ro-crate-metadata.json",
      "@type": "CreativeWork",
      "about": {
        "@id": "./"
      },
      "conformsTo": [
        {
          "@id": "https://w3id.org/ro/crate/1.1"
        },
        {
          "@id": "https://about.workflowhub.eu/Workflow-RO-Crate/"
        }
      ]
    },
    {
      "@id": "./",
      "@type": "Dataset",
      "datePublished": "2024-04-17T13:24:41.156+00:00",
      "mainEntity": {
        "@id": "main_workflow.ga"
      }
    },
    {
      "@id": "main_workflow.ga",
      "@type": [
        "File",
        "SoftwareSourceCode",
        "ComputationalWorkflow"
      ],
      "author": [
        {
          "@id": "#29823d50-2137-4c37-8dfd-7dde19fda4ca"
        },
        {
          "@id": "#2c8b09ba-b3f2-4632-a805-c9271bf4a94b"
        },
        {
          "@id": "#7139096f-8041-40fa-87c1-aff4531a93b6"
        },
        {
          "@id": "#09f50853-3d90-4832-8f2e-018cf6f20d38"
        }
      ],
      "license": {
        "@id": "https://spdx.org/licenses/GPL-3.0-or-later"
      },
      "name": "Genome Assembly using PacBio data",
      "version": 4,
      "programmingLanguage": {
        "@id": "https://w3id.org/workflowhub/workflow-ro-crate#galaxy"
      }
    },
    {
      "@id": "https://spdx.org/licenses/GPL-3.0-or-later",
      "@type": "CreativeWork",
      "name": "GPL-3.0-or-later"
    },
    {
      "@id": "https://w3id.org/workflowhub/workflow-ro-crate#galaxy",
      "@type": "ComputerLanguage",
      "identifier": {
        "@id": "https://galaxyproject.org/"
      },
      "name": "Galaxy",
      "url": {
        "@id": "https://galaxyproject.org/"
      },
      "version": "23.1"
    },
    {
      "@id": "#29823d50-2137-4c37-8dfd-7dde19fda4ca",
      "@type": "Person",
      "name": "Erwan Corre"
    },
    {
      "@id": "#2c8b09ba-b3f2-4632-a805-c9271bf4a94b",
      "@type": "Person",
      "name": "Stéphanie Robin"
    },
    {
      "@id": "#7139096f-8041-40fa-87c1-aff4531a93b6",
      "@type": "Person",
      "name": "Anthony Bretaudeau"
    },
    {
      "@id": "#09f50853-3d90-4832-8f2e-018cf6f20d38",
      "@type": "Person",
      "name": "Alexandre Cormier"
    }
  ]
}