{
  "@context": "https://w3id.org/ro/crate/1.1/context",
  "@graph": [
    {
      "@id": "ro-crate-metadata.json",
      "@type": "CreativeWork",
      "about": {
        "@id": "./"
      },
      "conformsTo": [
        {
          "@id": "https://w3id.org/ro/crate/1.1"
        },
        {
          "@id": "https://about.workflowhub.eu/Workflow-RO-Crate/"
        }
      ]
    },
    {
      "@id": "./",
      "@type": "Dataset",
      "datePublished": "2024-02-15T09:14:18.272+00:00",
      "mainEntity": {
        "@id": "main_workflow.ga"
      }
    },
    {
      "@id": "main_workflow.ga",
      "@type": [
        "File",
        "SoftwareSourceCode",
        "ComputationalWorkflow"
      ],
      "author": [
        {
          "@id": "#75b47e3c-33d2-4790-aa87-f7428cd9ea96"
        },
        {
          "@id": "#57af7cf4-b7f0-4054-8261-fb814e531a9f"
        },
        {
          "@id": "#2a9913cb-0474-404b-87f8-d75275e21bc5"
        },
        {
          "@id": "#08ef69c0-cb39-4d95-9b56-15ccd80f256e"
        },
        {
          "@id": "#c7381a8f-31f4-43e5-ae40-67a4df454a16"
        }
      ],
      "license": {
        "@id": "https://spdx.org/licenses/GPL-3.0-or-later"
      },
      "name": "Genome Assembly Quality Control",
      "version": 1,
      "programmingLanguage": {
        "@id": "https://w3id.org/workflowhub/workflow-ro-crate#galaxy"
      }
    },
    {
      "@id": "https://spdx.org/licenses/GPL-3.0-or-later",
      "@type": "CreativeWork",
      "name": "GPL-3.0-or-later"
    },
    {
      "@id": "https://w3id.org/workflowhub/workflow-ro-crate#galaxy",
      "@type": "ComputerLanguage",
      "identifier": {
        "@id": "https://galaxyproject.org/"
      },
      "name": "Galaxy",
      "url": {
        "@id": "https://galaxyproject.org/"
      },
      "version": "23.1"
    },
    {
      "@id": "#75b47e3c-33d2-4790-aa87-f7428cd9ea96",
      "@type": "Person",
      "name": "Erwan Corre"
    },
    {
      "@id": "#57af7cf4-b7f0-4054-8261-fb814e531a9f",
      "@type": "Person",
      "name": "Stéphanie Robin"
    },
    {
      "@id": "#2a9913cb-0474-404b-87f8-d75275e21bc5",
      "@type": "Person",
      "name": "Anthony Bretaudeau"
    },
    {
      "@id": "#08ef69c0-cb39-4d95-9b56-15ccd80f256e",
      "@type": "Person",
      "name": "Alexandre Cormier"
    },
    {
      "@id": "#c7381a8f-31f4-43e5-ae40-67a4df454a16",
      "@type": "Person",
      "name": "Laura Leroi"
    }
  ]
}