{
  "@context": "https://w3id.org/ro/crate/1.1/context",
  "@graph": [
    {
      "@id": "ro-crate-metadata.json",
      "@type": "CreativeWork",
      "about": {
        "@id": "./"
      },
      "conformsTo": [
        {
          "@id": "https://w3id.org/ro/crate/1.1"
        },
        {
          "@id": "https://about.workflowhub.eu/Workflow-RO-Crate/"
        }
      ]
    },
    {
      "@id": "./",
      "@type": "Dataset",
      "datePublished": "2024-05-07T11:14:19.997+00:00",
      "mainEntity": {
        "@id": "main_workflow.ga"
      }
    },
    {
      "@id": "main_workflow.ga",
      "@type": [
        "File",
        "SoftwareSourceCode",
        "ComputationalWorkflow"
      ],
      "author": [
        {
          "@id": "#56a5c5af-1627-4e06-8b2e-8a4507a31f32"
        },
        {
          "@id": "#2a8309ab-10c1-4751-b41c-b45bfa0a1a6c"
        },
        {
          "@id": "#46e54c4b-abf5-4fcf-a6df-b765d4b6bee4"
        },
        {
          "@id": "#3efdce0c-da6c-41ed-8eec-056ad6a0c46b"
        },
        {
          "@id": "#696df05e-2f54-49dc-b46b-ef81af7cff2d"
        }
      ],
      "license": {
        "@id": "https://spdx.org/licenses/GPL-3.0-or-later"
      },
      "name": "Genome Assembly Quality Control",
      "version": 1,
      "programmingLanguage": {
        "@id": "https://w3id.org/workflowhub/workflow-ro-crate#galaxy"
      }
    },
    {
      "@id": "https://spdx.org/licenses/GPL-3.0-or-later",
      "@type": "CreativeWork",
      "name": "GPL-3.0-or-later"
    },
    {
      "@id": "https://w3id.org/workflowhub/workflow-ro-crate#galaxy",
      "@type": "ComputerLanguage",
      "identifier": {
        "@id": "https://galaxyproject.org/"
      },
      "name": "Galaxy",
      "url": {
        "@id": "https://galaxyproject.org/"
      },
      "version": "23.1"
    },
    {
      "@id": "#56a5c5af-1627-4e06-8b2e-8a4507a31f32",
      "@type": "Person",
      "name": "Erwan Corre"
    },
    {
      "@id": "#2a8309ab-10c1-4751-b41c-b45bfa0a1a6c",
      "@type": "Person",
      "name": "Stéphanie Robin"
    },
    {
      "@id": "#46e54c4b-abf5-4fcf-a6df-b765d4b6bee4",
      "@type": "Person",
      "name": "Anthony Bretaudeau"
    },
    {
      "@id": "#3efdce0c-da6c-41ed-8eec-056ad6a0c46b",
      "@type": "Person",
      "name": "Alexandre Cormier"
    },
    {
      "@id": "#696df05e-2f54-49dc-b46b-ef81af7cff2d",
      "@type": "Person",
      "name": "Laura Leroi"
    }
  ]
}