{
  "@context": "https://w3id.org/ro/crate/1.1/context",
  "@graph": [
    {
      "@id": "ro-crate-metadata.json",
      "@type": "CreativeWork",
      "about": {
        "@id": "./"
      },
      "conformsTo": [
        {
          "@id": "https://w3id.org/ro/crate/1.1"
        },
        {
          "@id": "https://about.workflowhub.eu/Workflow-RO-Crate/"
        }
      ]
    },
    {
      "@id": "./",
      "@type": "Dataset",
      "datePublished": "2024-04-03T12:40:10.715+00:00",
      "mainEntity": {
        "@id": "main_workflow.ga"
      }
    },
    {
      "@id": "main_workflow.ga",
      "@type": [
        "File",
        "SoftwareSourceCode",
        "ComputationalWorkflow"
      ],
      "author": [
        {
          "@id": "#a87223ba-ac59-4cc8-ab91-61a60851aa55"
        },
        {
          "@id": "#bb9750cc-a3d5-42dd-9251-731ffefa59ca"
        },
        {
          "@id": "#e3043a08-0393-4f44-87de-75ed8a8db04a"
        },
        {
          "@id": "#c5fad5f1-a506-4493-8606-7518a6540f36"
        },
        {
          "@id": "#3b8cbd9e-0e27-437d-88da-63a859cc8eab"
        }
      ],
      "license": {
        "@id": "https://spdx.org/licenses/GPL-3.0-or-later"
      },
      "name": "Genome Assembly Quality Control",
      "version": 1,
      "programmingLanguage": {
        "@id": "https://w3id.org/workflowhub/workflow-ro-crate#galaxy"
      }
    },
    {
      "@id": "https://spdx.org/licenses/GPL-3.0-or-later",
      "@type": "CreativeWork",
      "name": "GPL-3.0-or-later"
    },
    {
      "@id": "https://w3id.org/workflowhub/workflow-ro-crate#galaxy",
      "@type": "ComputerLanguage",
      "identifier": {
        "@id": "https://galaxyproject.org/"
      },
      "name": "Galaxy",
      "url": {
        "@id": "https://galaxyproject.org/"
      },
      "version": "23.1"
    },
    {
      "@id": "#a87223ba-ac59-4cc8-ab91-61a60851aa55",
      "@type": "Person",
      "name": "Erwan Corre"
    },
    {
      "@id": "#bb9750cc-a3d5-42dd-9251-731ffefa59ca",
      "@type": "Person",
      "name": "Stéphanie Robin"
    },
    {
      "@id": "#e3043a08-0393-4f44-87de-75ed8a8db04a",
      "@type": "Person",
      "name": "Anthony Bretaudeau"
    },
    {
      "@id": "#c5fad5f1-a506-4493-8606-7518a6540f36",
      "@type": "Person",
      "name": "Alexandre Cormier"
    },
    {
      "@id": "#3b8cbd9e-0e27-437d-88da-63a859cc8eab",
      "@type": "Person",
      "name": "Laura Leroi"
    }
  ]
}