{
  "@context": "https://w3id.org/ro/crate/1.1/context",
  "@graph": [
    {
      "@id": "ro-crate-metadata.json",
      "@type": "CreativeWork",
      "about": {
        "@id": "./"
      },
      "conformsTo": [
        {
          "@id": "https://w3id.org/ro/crate/1.1"
        },
        {
          "@id": "https://about.workflowhub.eu/Workflow-RO-Crate/"
        }
      ]
    },
    {
      "@id": "./",
      "@type": "Dataset",
      "datePublished": "2024-02-29T00:11:21.118+00:00",
      "mainEntity": {
        "@id": "main_workflow.ga"
      }
    },
    {
      "@id": "main_workflow.ga",
      "@type": [
        "File",
        "SoftwareSourceCode",
        "ComputationalWorkflow"
      ],
      "author": [
        {
          "@id": "#e1617776-0007-4559-9c6b-7063543303ef"
        },
        {
          "@id": "#0b42a56f-720d-4a62-adfd-23f670c3faa1"
        },
        {
          "@id": "#127dda98-a319-46da-b4fe-c52f17e1a886"
        },
        {
          "@id": "#0a1ad1c3-b84f-4ede-8330-216ea7764125"
        },
        {
          "@id": "#f8a678c2-d0d8-4f34-bfee-97fb4018d2cb"
        }
      ],
      "license": {
        "@id": "https://spdx.org/licenses/GPL-3.0-or-later"
      },
      "name": "Genome Assembly Quality Control",
      "version": 1,
      "programmingLanguage": {
        "@id": "https://w3id.org/workflowhub/workflow-ro-crate#galaxy"
      }
    },
    {
      "@id": "https://spdx.org/licenses/GPL-3.0-or-later",
      "@type": "CreativeWork",
      "name": "GPL-3.0-or-later"
    },
    {
      "@id": "https://w3id.org/workflowhub/workflow-ro-crate#galaxy",
      "@type": "ComputerLanguage",
      "identifier": {
        "@id": "https://galaxyproject.org/"
      },
      "name": "Galaxy",
      "url": {
        "@id": "https://galaxyproject.org/"
      },
      "version": "23.1"
    },
    {
      "@id": "#e1617776-0007-4559-9c6b-7063543303ef",
      "@type": "Person",
      "name": "Erwan Corre"
    },
    {
      "@id": "#0b42a56f-720d-4a62-adfd-23f670c3faa1",
      "@type": "Person",
      "name": "Stéphanie Robin"
    },
    {
      "@id": "#127dda98-a319-46da-b4fe-c52f17e1a886",
      "@type": "Person",
      "name": "Anthony Bretaudeau"
    },
    {
      "@id": "#0a1ad1c3-b84f-4ede-8330-216ea7764125",
      "@type": "Person",
      "name": "Alexandre Cormier"
    },
    {
      "@id": "#f8a678c2-d0d8-4f34-bfee-97fb4018d2cb",
      "@type": "Person",
      "name": "Laura Leroi"
    }
  ]
}