{
  "@context": [
    "https://w3id.org/ro/crate/1.1/context"
  ],
  "@graph": [
    {
      "@id": "ro-crate-metadata.json",
      "@type": "CreativeWork",
      "about": {
        "@id": "https://training.galaxyproject.org/training-material/topics/synthetic-biology/tutorials/pathway_analysis/workflows/main_workflow.html"
      },
      "conformsTo": {
        "@id": "https://w3id.org/ro/crate/1.1"
      }
    },
    {
      "@id": "https://training.galaxyproject.org/training-material/topics/synthetic-biology/tutorials/pathway_analysis/workflows/main_workflow.html",
      "@type": "Dataset",
      "name": "Pathway Analysis",
      "description": "Evaluating and ranking a set of pathways based on multiple metrics\n\n## Associated Tutorial\n\nThis workflows is part of the tutorial [Evaluating and ranking a set of pathways based on multiple metrics](https://training.galaxyproject.org/training-material/topics/synthetic-biology/tutorials/pathway_analysis/tutorial.html), available in the [GTN](https://training.galaxyproject.org)\n\n\n\n\n\n## Thanks to...\n\n**Tutorial Author(s)**: [Kenza Bazi-Kabbaj](https://training.galaxyproject.org/training-material/hall-of-fame/kenza12/), [Thomas Duigou](https://training.galaxyproject.org/training-material/hall-of-fame/tduigou/), [Joan Hérisson](https://training.galaxyproject.org/training-material/hall-of-fame/breakthewall/), [Guillaume Gricourt](https://training.galaxyproject.org/training-material/hall-of-fame/guillaume-gricourt/), [Ioana Popescu](https://training.galaxyproject.org/training-material/hall-of-fame/ioanagry/), [Jean-Loup Faulon](https://training.galaxyproject.org/training-material/hall-of-fame/jfaulon/)\n\n[![gtn star logo followed by the word workflows](https://training.galaxyproject.org/training-material/assets/branding/gtn-workflows.png)](https://training.galaxyproject.org/training-material/)",
      "version": "1.0",
      "license": "https://spdx.org/licenses/CC-BY-4.0",
      "datePublished": "2024-09-16T16:53:51.699+00:00",
      "mainEntity": {
        "@id": "main-workflow.ga"
      },
      "hasPart": [
        {
          "@id": "main-workflow.ga"
        },
        {
          "@id": "graph.png"
        }
      ]
    },
    {
      "@id": "main-workflow.ga",
      "@type": [
        "File",
        "SoftwareSourceCode",
        "ComputationalWorkflow"
      ],
      "author": [

      ],
      "name": "Pathway Analysis",
      "programmingLanguage": {
        "@id": "https://w3id.org/workflowhub/workflow-ro-crate#galaxy"
      },
      "image": {
        "@id": "graph.png"
      }
    },
    {
      "@id": "graph.png",
      "@type": [
        "File",
        "ImageObject",
        "WorkflowSketch"
      ],
      "contentSize": 0
    },
    {
      "@id": "https://w3id.org/workflowhub/workflow-ro-crate#galaxy",
      "@type": "ComputerLanguage",
      "identifier": {
        "@id": "https://galaxyproject.org/"
      },
      "name": "Galaxy",
      "url": {
        "@id": "https://galaxyproject.org/"
      },
      "version": "23.1"
    }
  ]
}