{
  "@context": [
    "https://w3id.org/ro/crate/1.1/context"
  ],
  "@graph": [
    {
      "@id": "ro-crate-metadata.json",
      "@type": "CreativeWork",
      "about": {
        "@id": "https://training.galaxyproject.org/training-material/topics/materials-science/tutorials/muon-stopping-sites-muairss-uep/workflows/muairss-uep.html"
      },
      "conformsTo": {
        "@id": "https://w3id.org/ro/crate/1.1"
      }
    },
    {
      "@id": "https://training.galaxyproject.org/training-material/topics/materials-science/tutorials/muon-stopping-sites-muairss-uep/workflows/muairss-uep.html",
      "@type": "Dataset",
      "name": "Finding the Muon Stopping Site: pymuon-suite in Galaxy",
      "description": "## Associated Tutorial\n\nThis workflows is part of the tutorial [Finding the muon stopping site with pymuon-suite in Galaxy](https://training.galaxyproject.org/training-material/topics/materials-science/tutorials/muon-stopping-sites-muairss-uep/tutorial.html), available in the [GTN](https://training.galaxyproject.org)\n\n## Features\n\n* Includes [Galaxy Workflow Tests](https://training.galaxyproject.org/training-material/faqs/gtn/workflow_run_test.html)\n\n## Thanks to...\n\n**Workflow Author(s)**: Muon Spectroscopy Computational Project\n\n**Tutorial Author(s)**: [Leandro Liborio](https://training.galaxyproject.org/training-material/hall-of-fame/leandro-liborio/), [Eli Chadwick](https://training.galaxyproject.org/training-material/hall-of-fame/elichad/), [Patrick Austin](https://training.galaxyproject.org/training-material/hall-of-fame/patrick-austin/)\n\n**Tutorial Contributor(s)**: [Leandro Liborio](https://training.galaxyproject.org/training-material/hall-of-fame/leandro-liborio/)\n\n**Grants(s)**: [EuroScienceGateway](https://training.galaxyproject.org/training-material/hall-of-fame/eurosciencegateway/)\n\n[![gtn star logo followed by the word workflows](https://training.galaxyproject.org/training-material/assets/branding/gtn-workflows.png)](https://training.galaxyproject.org/training-material/)",
      "version": "1.0",
      "license": "https://spdx.org/licenses/MIT",
      "datePublished": "2024-11-07T15:07:48.773+00:00",
      "mainEntity": {
        "@id": "muairss-uep.ga"
      },
      "hasPart": [
        {
          "@id": "muairss-uep.ga"
        },
        {
          "@id": "graph.png"
        }
      ]
    },
    {
      "@id": "muairss-uep.ga",
      "@type": [
        "File",
        "SoftwareSourceCode",
        "ComputationalWorkflow"
      ],
      "author": [
        {
          "@id": "#7da33b29-4d50-4cb6-ae62-8de7cf4fd5e1"
        }
      ],
      "name": "Finding the Muon Stopping Site: pymuon-suite in Galaxy",
      "programmingLanguage": {
        "@id": "https://w3id.org/workflowhub/workflow-ro-crate#galaxy"
      },
      "image": {
        "@id": "graph.png"
      }
    },
    {
      "@id": "graph.png",
      "@type": [
        "File",
        "ImageObject",
        "WorkflowSketch"
      ],
      "contentSize": 30194
    },
    {
      "@id": "https://w3id.org/workflowhub/workflow-ro-crate#galaxy",
      "@type": "ComputerLanguage",
      "identifier": {
        "@id": "https://galaxyproject.org/"
      },
      "name": "Galaxy",
      "url": {
        "@id": "https://galaxyproject.org/"
      },
      "version": "23.1"
    },
    {
      "@id": "#7da33b29-4d50-4cb6-ae62-8de7cf4fd5e1",
      "@type": "Organization",
      "name": "Muon Spectroscopy Computational Project"
    }
  ]
}