{
  "@context": [
    "https://w3id.org/ro/crate/1.1/context"
  ],
  "@graph": [
    {
      "@id": "ro-crate-metadata.json",
      "@type": "CreativeWork",
      "about": {
        "@id": "https://training.galaxyproject.org/training-material/topics/assembly/tutorials/mrsa-illumina/workflows/main_workflow.html"
      },
      "conformsTo": {
        "@id": "https://w3id.org/ro/crate/1.1"
      }
    },
    {
      "@id": "https://training.galaxyproject.org/training-material/topics/assembly/tutorials/mrsa-illumina/workflows/main_workflow.html",
      "@type": "Dataset",
      "name": "Genome Assembly of MRSA using Illumina MiSeq Data",
      "description": "Genome Assembly of MRSA using Illumina MiSeq Data\n\n## Associated Tutorial\n\nThis workflows is part of the tutorial [Genome Assembly of a bacterial genome (MRSA) sequenced using Illumina MiSeq Data](https://training.galaxyproject.org/training-material/topics/assembly/tutorials/mrsa-illumina/tutorial.html), available in the [GTN](https://training.galaxyproject.org)\n\n## Features\n\n* Includes [Galaxy Workflow Tests](https://training.galaxyproject.org/training-material/faqs/gtn/workflow_run_test.html)\n\n## Thanks to...\n\n**Workflow Author(s)**: Bazante Sanders, Bérénice Batut\n\n**Tutorial Author(s)**: [Bazante Sanders](https://training.galaxyproject.org/training-material/hall-of-fame/bazante1/), [Bérénice Batut](https://training.galaxyproject.org/training-material/hall-of-fame/bebatut/)\n\n**Tutorial Contributor(s)**: [Helena Rasche](https://training.galaxyproject.org/training-material/hall-of-fame/hexylena/), [Bazante Sanders](https://training.galaxyproject.org/training-material/hall-of-fame/bazante1/), [Saskia Hiltemann](https://training.galaxyproject.org/training-material/hall-of-fame/shiltemann/), [Miaomiao Zhou](https://training.galaxyproject.org/training-material/hall-of-fame/miaomiaozhou88/)\n\n**Funder(s)**: [Avans Hogeschool](https://training.galaxyproject.org/training-material/hall-of-fame/avans-atgm/), [ABRomics](https://training.galaxyproject.org/training-material/hall-of-fame/abromics/)\n\n[![gtn star logo followed by the word workflows](https://training.galaxyproject.org/training-material/assets/branding/gtn-workflows.png)](https://training.galaxyproject.org/training-material/)",
      "version": "2.0",
      "license": "https://spdx.org/licenses/MIT",
      "datePublished": "2024-10-22T15:35:13.746+00:00",
      "mainEntity": {
        "@id": "main-workflow.ga"
      },
      "hasPart": [
        {
          "@id": "main-workflow.ga"
        },
        {
          "@id": "graph.png"
        }
      ]
    },
    {
      "@id": "main-workflow.ga",
      "@type": [
        "File",
        "SoftwareSourceCode",
        "ComputationalWorkflow"
      ],
      "author": [
        {
          "@id": "https://orcid.org/0000-0003-2255-1631"
        },
        {
          "@id": "https://orcid.org/0000-0001-9852-1987"
        }
      ],
      "name": "Genome Assembly of MRSA using Illumina MiSeq Data",
      "programmingLanguage": {
        "@id": "https://w3id.org/workflowhub/workflow-ro-crate#galaxy"
      },
      "image": {
        "@id": "graph.png"
      }
    },
    {
      "@id": "graph.png",
      "@type": [
        "File",
        "ImageObject",
        "WorkflowSketch"
      ],
      "contentSize": 47411
    },
    {
      "@id": "https://w3id.org/workflowhub/workflow-ro-crate#galaxy",
      "@type": "ComputerLanguage",
      "identifier": {
        "@id": "https://galaxyproject.org/"
      },
      "name": "Galaxy",
      "url": {
        "@id": "https://galaxyproject.org/"
      },
      "version": "23.1"
    },
    {
      "@id": "https://orcid.org/0000-0003-2255-1631",
      "@type": "Person",
      "name": "Bazante Sanders"
    },
    {
      "@id": "https://orcid.org/0000-0001-9852-1987",
      "@type": "Person",
      "name": "Bérénice Batut"
    }
  ]
}