{
  "@context": [
    "https://w3id.org/ro/crate/1.1/context"
  ],
  "@graph": [
    {
      "@id": "ro-crate-metadata.json",
      "@type": "CreativeWork",
      "about": {
        "@id": "https://training.galaxyproject.org/training-material/topics/single-cell/tutorials/bulk-music-2-preparescref/workflows/sc_metadata.html"
      },
      "conformsTo": {
        "@id": "https://w3id.org/ro/crate/1.1"
      }
    },
    {
      "@id": "https://training.galaxyproject.org/training-material/topics/single-cell/tutorials/bulk-music-2-preparescref/workflows/sc_metadata.html",
      "@type": "Dataset",
      "name": "MuSiC-Deconvolution: Data generation | sc | metadata",
      "description": "This workflow generates from only an EBI SCXA reference the metadata for creating an ESet object\n\n\n## Associated Tutorial\n\nThis workflows is part of the tutorial [Matrix Exchange Format to ESet | Creating a single-cell RNA-seq reference dataset for deconvolution](https://training.galaxyproject.org/training-material/topics/single-cell/tutorials/bulk-music-2-preparescref/tutorial.html), available in the [GTN](https://training.galaxyproject.org)\n\n\n\n\n\n## Thanks to...\n\n**Workflow Author(s)**: Wendi Bacon, Mehmet Tekman\n\n**Tutorial Author(s)**: [Wendi Bacon](https://training.galaxyproject.org/training-material/hall-of-fame/nomadscientist/), [Mehmet Tekman](https://training.galaxyproject.org/training-material/hall-of-fame/mtekman/)\n\n**Tutorial Contributor(s)**: [Marisa Loach](https://training.galaxyproject.org/training-material/hall-of-fame/MarisaJL/)\n\n[![gtn star logo followed by the word workflows](https://training.galaxyproject.org/training-material/assets/branding/gtn-workflows.png)](https://training.galaxyproject.org/training-material/)",
      "version": "1.0",
      "license": "https://spdx.org/licenses/CC-BY-4.0",
      "datePublished": "2024-12-02T08:57:17.796+00:00",
      "mainEntity": {
        "@id": "sc-metadata.ga"
      },
      "hasPart": [
        {
          "@id": "sc-metadata.ga"
        },
        {
          "@id": "graph.png"
        }
      ]
    },
    {
      "@id": "sc-metadata.ga",
      "@type": [
        "File",
        "SoftwareSourceCode",
        "ComputationalWorkflow"
      ],
      "author": [
        {
          "@id": "https://orcid.org/0000-0002-8170-8806"
        },
        {
          "@id": "https://orcid.org/0000-0002-4181-2676"
        }
      ],
      "name": "MuSiC-Deconvolution: Data generation | sc | metadata",
      "programmingLanguage": {
        "@id": "https://w3id.org/workflowhub/workflow-ro-crate#galaxy"
      },
      "image": {
        "@id": "graph.png"
      }
    },
    {
      "@id": "graph.png",
      "@type": [
        "File",
        "ImageObject",
        "WorkflowSketch"
      ],
      "contentSize": 33327
    },
    {
      "@id": "https://w3id.org/workflowhub/workflow-ro-crate#galaxy",
      "@type": "ComputerLanguage",
      "identifier": {
        "@id": "https://galaxyproject.org/"
      },
      "name": "Galaxy",
      "url": {
        "@id": "https://galaxyproject.org/"
      },
      "version": "23.1"
    },
    {
      "@id": "https://orcid.org/0000-0002-8170-8806",
      "@type": "Person",
      "name": "Wendi Bacon"
    },
    {
      "@id": "https://orcid.org/0000-0002-4181-2676",
      "@type": "Person",
      "name": "Mehmet Tekman"
    }
  ]
}