{
  "@context": [
    "https://w3id.org/ro/crate/1.1/context"
  ],
  "@graph": [
    {
      "@id": "ro-crate-metadata.json",
      "@type": "CreativeWork",
      "about": {
        "@id": "https://training.galaxyproject.org/training-material/topics/galaxy-interface/tutorials/workflow-reports/workflows/workflow_reports_final_workflow.html"
      },
      "conformsTo": {
        "@id": "https://w3id.org/ro/crate/1.1"
      }
    },
    {
      "@id": "https://training.galaxyproject.org/training-material/topics/galaxy-interface/tutorials/workflow-reports/workflows/workflow_reports_final_workflow.html",
      "@type": "Dataset",
      "name": "GTN Training: Workflow Reports",
      "description": "introduction\n\n## Associated Tutorial\n\nThis workflows is part of the tutorial [Workflow Reports](https://training.galaxyproject.org/training-material/topics/galaxy-interface/tutorials/workflow-reports/tutorial.html), available in the [GTN](https://training.galaxyproject.org)\n\n## Features\n\n* Includes a [Galaxy Workflow Report](https://training.galaxyproject.org/training-material/faqs/galaxy/workflows_report_view.html)\n\n## Thanks to...\n\n**Tutorial Author(s)**: [Saskia Hiltemann](https://training.galaxyproject.org/training-material/hall-of-fame/shiltemann/)\n\n**Tutorial Contributor(s)**: [Helena Rasche](https://training.galaxyproject.org/training-material/hall-of-fame/hexylena/), [John Chilton](https://training.galaxyproject.org/training-material/hall-of-fame/jmchilton/), [Aysam Guerler](https://training.galaxyproject.org/training-material/hall-of-fame/guerler/), [Marius van den Beek](https://training.galaxyproject.org/training-material/hall-of-fame/mvdbeek/)\n\n**Funder(s)**: [Gallantries: Bridging Training Communities in Life Science, Environment and Health](https://training.galaxyproject.org/training-material/hall-of-fame/gallantries/)\n\n[![gtn star logo followed by the word workflows](https://training.galaxyproject.org/training-material/assets/branding/gtn-workflows.png)](https://training.galaxyproject.org/training-material/)",
      "version": "1.0",
      "license": "https://spdx.org/licenses/CC-BY-4.0",
      "datePublished": "2024-10-04T10:17:05.792+00:00",
      "mainEntity": {
        "@id": "workflow-reports-final-workflow.ga"
      },
      "hasPart": [
        {
          "@id": "workflow-reports-final-workflow.ga"
        },
        {
          "@id": "graph.png"
        }
      ]
    },
    {
      "@id": "workflow-reports-final-workflow.ga",
      "@type": [
        "File",
        "SoftwareSourceCode",
        "ComputationalWorkflow"
      ],
      "author": [

      ],
      "name": "GTN Training: Workflow Reports",
      "programmingLanguage": {
        "@id": "https://w3id.org/workflowhub/workflow-ro-crate#galaxy"
      },
      "image": {
        "@id": "graph.png"
      }
    },
    {
      "@id": "graph.png",
      "@type": [
        "File",
        "ImageObject",
        "WorkflowSketch"
      ],
      "contentSize": 0
    },
    {
      "@id": "https://w3id.org/workflowhub/workflow-ro-crate#galaxy",
      "@type": "ComputerLanguage",
      "identifier": {
        "@id": "https://galaxyproject.org/"
      },
      "name": "Galaxy",
      "url": {
        "@id": "https://galaxyproject.org/"
      },
      "version": "23.1"
    }
  ]
}