{
  "@context": [
    "https://w3id.org/ro/crate/1.1/context"
  ],
  "@graph": [
    {
      "@id": "ro-crate-metadata.json",
      "@type": "CreativeWork",
      "about": {
        "@id": "https://training.galaxyproject.org/training-material/topics/epigenetics/tutorials/formation_of_super-structures_on_xi/workflows/formation_of_super_structures_on_xi.html"
      },
      "conformsTo": {
        "@id": "https://w3id.org/ro/crate/1.1"
      }
    },
    {
      "@id": "https://training.galaxyproject.org/training-material/topics/epigenetics/tutorials/formation_of_super-structures_on_xi/workflows/formation_of_super_structures_on_xi.html",
      "@type": "Dataset",
      "name": "GTN - ChIP Seq - Formation Of Super Structures On Xi",
      "description": "## Associated Tutorial\n\nThis workflows is part of the tutorial [Formation of the Super-Structures on the Inactive X](https://training.galaxyproject.org/training-material/topics/epigenetics/tutorials/formation_of_super-structures_on_xi/tutorial.html), available in the [GTN](https://training.galaxyproject.org)\n\n## Features\n\n* Includes [Galaxy Workflow Tests](https://training.galaxyproject.org/training-material/faqs/gtn/workflow_run_test.html)\n\n## Thanks to...\n\n**Workflow Author(s)**: Friederike Dündar, Anika Erxleben, Bérénice Batut, Vivek Bhardwaj, Fidel Ramirez, Leily Rabbani, Pavankumar Videm\n\n**Tutorial Author(s)**: [Friederike Dündar](https://training.galaxyproject.org/training-material/hall-of-fame/friedue/), [Anika Erxleben](https://training.galaxyproject.org/training-material/hall-of-fame/erxleben/), [Bérénice Batut](https://training.galaxyproject.org/training-material/hall-of-fame/bebatut/), [Vivek Bhardwaj](https://training.galaxyproject.org/training-material/hall-of-fame/vivekbhr/), [Fidel Ramirez](https://training.galaxyproject.org/training-material/hall-of-fame/fidelram/), [Leily Rabbani](https://training.galaxyproject.org/training-material/hall-of-fame/LeilyR/), [Pavankumar Videm](https://training.galaxyproject.org/training-material/hall-of-fame/pavanvidem/)\n\n[![gtn star logo followed by the word workflows](https://training.galaxyproject.org/training-material/assets/branding/gtn-workflows.png)](https://training.galaxyproject.org/training-material/)",
      "version": "5.0",
      "license": "https://spdx.org/licenses/CC-BY-4.0",
      "datePublished": "2024-10-04T22:03:34.975+00:00",
      "mainEntity": {
        "@id": "formation-of-super-structures-on-xi.ga"
      },
      "hasPart": [
        {
          "@id": "formation-of-super-structures-on-xi.ga"
        },
        {
          "@id": "graph.png"
        }
      ]
    },
    {
      "@id": "formation-of-super-structures-on-xi.ga",
      "@type": [
        "File",
        "SoftwareSourceCode",
        "ComputationalWorkflow"
      ],
      "author": [
        {
          "@id": "https://orcid.org/0000-0002-2301-112X"
        },
        {
          "@id": "https://orcid.org/0000-0002-7427-6478"
        },
        {
          "@id": "https://orcid.org/0000-0001-9852-1987"
        },
        {
          "@id": "https://orcid.org/0000-0002-5570-9338"
        },
        {
          "@id": "https://orcid.org/0000-0002-9142-417X"
        },
        {
          "@id": "https://orcid.org/0009-0007-0755-3643"
        },
        {
          "@id": "https://orcid.org/0000-0002-5192-126X"
        }
      ],
      "name": "GTN - ChIP Seq - Formation Of Super Structures On Xi",
      "programmingLanguage": {
        "@id": "https://w3id.org/workflowhub/workflow-ro-crate#galaxy"
      },
      "image": {
        "@id": "graph.png"
      }
    },
    {
      "@id": "graph.png",
      "@type": [
        "File",
        "ImageObject",
        "WorkflowSketch"
      ],
      "contentSize": 0
    },
    {
      "@id": "https://w3id.org/workflowhub/workflow-ro-crate#galaxy",
      "@type": "ComputerLanguage",
      "identifier": {
        "@id": "https://galaxyproject.org/"
      },
      "name": "Galaxy",
      "url": {
        "@id": "https://galaxyproject.org/"
      },
      "version": "23.1"
    },
    {
      "@id": "https://orcid.org/0000-0002-2301-112X",
      "@type": "Person",
      "name": "Friederike Dündar"
    },
    {
      "@id": "https://orcid.org/0000-0002-7427-6478",
      "@type": "Person",
      "name": "Anika Erxleben"
    },
    {
      "@id": "https://orcid.org/0000-0001-9852-1987",
      "@type": "Person",
      "name": "Bérénice Batut"
    },
    {
      "@id": "https://orcid.org/0000-0002-5570-9338",
      "@type": "Person",
      "name": "Vivek Bhardwaj"
    },
    {
      "@id": "https://orcid.org/0000-0002-9142-417X",
      "@type": "Person",
      "name": "Fidel Ramirez"
    },
    {
      "@id": "https://orcid.org/0009-0007-0755-3643",
      "@type": "Person",
      "name": "Leily Rabbani"
    },
    {
      "@id": "https://orcid.org/0000-0002-5192-126X",
      "@type": "Person",
      "name": "Pavankumar Videm"
    }
  ]
}