{
  "@context": [
    "https://w3id.org/ro/crate/1.1/context"
  ],
  "@graph": [
    {
      "@id": "ro-crate-metadata.json",
      "@type": "CreativeWork",
      "about": {
        "@id": "https://training.galaxyproject.org/training-material/topics/imaging/tutorials/imaging-introduction/workflows/Galaxy-Workflow-GTN_Tutorial__Introduction_to_Imaging.html"
      },
      "conformsTo": {
        "@id": "https://w3id.org/ro/crate/1.1"
      }
    },
    {
      "@id": "https://training.galaxyproject.org/training-material/topics/imaging/tutorials/imaging-introduction/workflows/Galaxy-Workflow-GTN_Tutorial__Introduction_to_Imaging.html",
      "@type": "Dataset",
      "name": "Workflow constructed from Tutorial 'Introduction to image analysis using Galaxy'",
      "description": "## Associated Tutorial\n\nThis workflows is part of the tutorial [Introduction to image analysis using Galaxy](https://training.galaxyproject.org/training-material/topics/imaging/tutorials/imaging-introduction/tutorial.html), available in the [GTN](https://training.galaxyproject.org)\n\n## Features\n\n* Includes [Galaxy Workflow Tests](https://training.galaxyproject.org/training-material/faqs/gtn/workflow_run_test.html)\n\n## Thanks to...\n\n**Workflow Author(s)**: Till Korten\n\n**Tutorial Author(s)**: [Thomas Wollmann](https://training.galaxyproject.org/training-material/hall-of-fame/thomaswollmann/), [Saskia Hiltemann](https://training.galaxyproject.org/training-material/hall-of-fame/shiltemann/), [Leonid Kostrykin](https://training.galaxyproject.org/training-material/hall-of-fame/kostrykin/)\n\n**Funder(s)**: [ELIXIR Europe](https://training.galaxyproject.org/training-material/hall-of-fame/elixir-europe/)\n\n[![gtn star logo followed by the word workflows](https://training.galaxyproject.org/training-material/assets/branding/gtn-workflows.png)](https://training.galaxyproject.org/training-material/)",
      "version": "5.0",
      "license": "https://spdx.org/licenses/MIT",
      "datePublished": "2024-10-25T00:06:42.117+00:00",
      "mainEntity": {
        "@id": "galaxy-workflow-gtn-tutorial--introduction-to-imaging.ga"
      },
      "hasPart": [
        {
          "@id": "galaxy-workflow-gtn-tutorial--introduction-to-imaging.ga"
        },
        {
          "@id": "graph.png"
        }
      ]
    },
    {
      "@id": "galaxy-workflow-gtn-tutorial--introduction-to-imaging.ga",
      "@type": [
        "File",
        "SoftwareSourceCode",
        "ComputationalWorkflow"
      ],
      "author": [
        {
          "@id": "https://orcid.org/0000-0002-2315-9247"
        }
      ],
      "name": "Workflow constructed from Tutorial 'Introduction to image analysis using Galaxy'",
      "programmingLanguage": {
        "@id": "https://w3id.org/workflowhub/workflow-ro-crate#galaxy"
      },
      "image": {
        "@id": "graph.png"
      }
    },
    {
      "@id": "graph.png",
      "@type": [
        "File",
        "ImageObject",
        "WorkflowSketch"
      ],
      "contentSize": 53252
    },
    {
      "@id": "https://w3id.org/workflowhub/workflow-ro-crate#galaxy",
      "@type": "ComputerLanguage",
      "identifier": {
        "@id": "https://galaxyproject.org/"
      },
      "name": "Galaxy",
      "url": {
        "@id": "https://galaxyproject.org/"
      },
      "version": "23.1"
    },
    {
      "@id": "https://orcid.org/0000-0002-2315-9247",
      "@type": "Person",
      "name": "Till Korten"
    }
  ]
}