{
  "@context": [
    "https://w3id.org/ro/crate/1.1/context"
  ],
  "@graph": [
    {
      "@id": "ro-crate-metadata.json",
      "@type": "CreativeWork",
      "about": {
        "@id": "https://training.galaxyproject.org/training-material/topics/statistics/tutorials/intro_deep_learning/workflows/Intro_To_Deep_Learning.html"
      },
      "conformsTo": {
        "@id": "https://w3id.org/ro/crate/1.1"
      }
    },
    {
      "@id": "https://training.galaxyproject.org/training-material/topics/statistics/tutorials/intro_deep_learning/workflows/Intro_To_Deep_Learning.html",
      "@type": "Dataset",
      "name": "Intro_To_Deep_Learning",
      "description": "Introduction to Deep Learning\n\n## Associated Tutorial\n\nThis workflows is part of the tutorial [Introduction to deep learning](https://training.galaxyproject.org/training-material/topics/statistics/tutorials/intro_deep_learning/tutorial.html), available in the [GTN](https://training.galaxyproject.org)\n\n\n\n\n\n## Thanks to...\n\n**Tutorial Author(s)**: [Anup Kumar](https://training.galaxyproject.org/training-material/hall-of-fame/anuprulez/), [Alireza Khanteymoori](https://training.galaxyproject.org/training-material/hall-of-fame/khanteymoori/)\n\n[![gtn star logo followed by the word workflows](https://training.galaxyproject.org/training-material/assets/branding/gtn-workflows.png)](https://training.galaxyproject.org/training-material/)",
      "version": "1.0",
      "license": "https://spdx.org/licenses/CC-BY-4.0",
      "datePublished": "2024-09-02T21:33:38.528+00:00",
      "mainEntity": {
        "@id": "intro-to-deep-learning.ga"
      },
      "hasPart": [
        {
          "@id": "intro-to-deep-learning.ga"
        },
        {
          "@id": "graph.png"
        }
      ]
    },
    {
      "@id": "intro-to-deep-learning.ga",
      "@type": [
        "File",
        "SoftwareSourceCode",
        "ComputationalWorkflow"
      ],
      "author": [

      ],
      "name": "Intro_To_Deep_Learning",
      "programmingLanguage": {
        "@id": "https://w3id.org/workflowhub/workflow-ro-crate#galaxy"
      },
      "image": {
        "@id": "graph.png"
      }
    },
    {
      "@id": "graph.png",
      "@type": [
        "File",
        "ImageObject",
        "WorkflowSketch"
      ],
      "contentSize": 0
    },
    {
      "@id": "https://w3id.org/workflowhub/workflow-ro-crate#galaxy",
      "@type": "ComputerLanguage",
      "identifier": {
        "@id": "https://galaxyproject.org/"
      },
      "name": "Galaxy",
      "url": {
        "@id": "https://galaxyproject.org/"
      },
      "version": "23.1"
    }
  ]
}