{
  "@context": [
    "https://w3id.org/ro/crate/1.1/context"
  ],
  "@graph": [
    {
      "@id": "ro-crate-metadata.json",
      "@type": "CreativeWork",
      "about": {
        "@id": "https://training.galaxyproject.org/training-material/topics/statistics/tutorials/CNN/workflows/Intro_To_CNN_v1_0_11_0.html"
      },
      "conformsTo": {
        "@id": "https://w3id.org/ro/crate/1.1"
      }
    },
    {
      "@id": "https://training.galaxyproject.org/training-material/topics/statistics/tutorials/CNN/workflows/Intro_To_CNN_v1_0_11_0.html",
      "@type": "Dataset",
      "name": "Intro_To_CNN_v1.0.11.0",
      "description": "## Associated Tutorial\n\nThis workflows is part of the tutorial [Intro_To_CNN_v1.0.11.0](https://training.galaxyproject.org/training-material/topics/statistics/tutorials/CNN/tutorial.html), available in the [GTN](https://training.galaxyproject.org)\n\n## Features\n\n* Includes [Galaxy Workflow Tests](https://training.galaxyproject.org/training-material/faqs/gtn/workflow_run_test.html)\n\n## Thanks to...\n\n**Tutorial Author(s)**: [Kaivan Kamali](https://training.galaxyproject.org/training-material/hall-of-fame/kxk302/)\n\n**Workflow Author(s)**: Kaivan Kamali\n\n[![gtn star logo followed by the word workflows](http://galaxy-training.s3-website.us-east-1.amazonaws.com/misc/gtn-workflows.png)](https://training.galaxyproject.org/training-material/)",
      "version": "2.0",
      "license": "https://spdx.org/licenses/CC-BY-4.0",
      "datePublished": "2024-07-04T16:01:23.160+00:00",
      "mainEntity": {
        "@id": "intro-to-cnn-v1-0-11-0.ga"
      },
      "hasPart": [
        {
          "@id": "intro-to-cnn-v1-0-11-0.ga"
        },
        {
          "@id": "graph.png"
        }
      ]
    },
    {
      "@id": "intro-to-cnn-v1-0-11-0.ga",
      "@type": [
        "File",
        "SoftwareSourceCode",
        "ComputationalWorkflow"
      ],
      "author": [
        {
          "@id": "https://orcid.org/0000-0001-6585-3619"
        }
      ],
      "name": "Intro_To_CNN_v1.0.11.0",
      "programmingLanguage": {
        "@id": "https://w3id.org/workflowhub/workflow-ro-crate#galaxy"
      },
      "image": {
        "@id": "graph.png"
      }
    },
    {
      "@id": "graph.png",
      "@type": [
        "File",
        "ImageObject",
        "WorkflowSketch"
      ],
      "contentSize": 0
    },
    {
      "@id": "https://w3id.org/workflowhub/workflow-ro-crate#galaxy",
      "@type": "ComputerLanguage",
      "identifier": {
        "@id": "https://galaxyproject.org/"
      },
      "name": "Galaxy",
      "url": {
        "@id": "https://galaxyproject.org/"
      },
      "version": "23.1"
    },
    {
      "@id": "https://orcid.org/0000-0001-6585-3619",
      "@type": "Person",
      "name": "Kaivan Kamali"
    }
  ]
}