{
  "@context": "https://w3id.org/ro/crate/1.1/context",
  "@graph": [
    {
      "@id": "ro-crate-metadata.json",
      "@type": "CreativeWork",
      "about": {
        "@id": "./"
      },
      "conformsTo": [
        {
          "@id": "https://w3id.org/ro/crate/1.1"
        },
        {
          "@id": "https://about.workflowhub.eu/Workflow-RO-Crate/"
        }
      ]
    },
    {
      "@id": "./",
      "@type": "Dataset",
      "datePublished": "2023-11-20T16:28:01.592+00:00",
      "mainEntity": {
        "@id": "formation_of_super_structures_on_xi.ga"
      }
    },
    {
      "@id": "formation_of_super_structures_on_xi.ga",
      "@type": [
        "File",
        "SoftwareSourceCode",
        "ComputationalWorkflow"
      ],
      "author": [
        {
          "@id": "https://orcid.org/0000-0002-2301-112X"
        },
        {
          "@id": "https://orcid.org/0000-0002-7427-6478"
        },
        {
          "@id": "https://orcid.org/0000-0001-9852-1987"
        },
        {
          "@id": "https://orcid.org/0000-0002-5570-9338"
        },
        {
          "@id": "https://orcid.org/0000-0002-9142-417X"
        },
        {
          "@id": "https://orcid.org/0009-0007-0755-3643"
        },
        {
          "@id": "https://orcid.org/0000-0002-5192-126X"
        }
      ],
      "license": {
        "@id": "https://spdx.org/licenses/CC-BY-4.0"
      },
      "name": "GTN - ChIP Seq - Formation Of Super Structures On Xi",
      "version": 7,
      "programmingLanguage": {
        "@id": "https://w3id.org/workflowhub/workflow-ro-crate#galaxy"
      }
    },
    {
      "@id": "https://spdx.org/licenses/CC-BY-4.0",
      "@type": "CreativeWork",
      "name": "CC-BY-4.0"
    },
    {
      "@id": "https://w3id.org/workflowhub/workflow-ro-crate#galaxy",
      "@type": "ComputerLanguage",
      "identifier": {
        "@id": "https://galaxyproject.org/"
      },
      "name": "Galaxy",
      "url": {
        "@id": "https://galaxyproject.org/"
      },
      "version": "23.1"
    },
    {
      "@id": "https://orcid.org/0000-0002-2301-112X",
      "@type": "Person",
      "name": "Friederike Dündar"
    },
    {
      "@id": "https://orcid.org/0000-0002-7427-6478",
      "@type": "Person",
      "name": "Anika Erxleben"
    },
    {
      "@id": "https://orcid.org/0000-0001-9852-1987",
      "@type": "Person",
      "name": "Bérénice Batut"
    },
    {
      "@id": "https://orcid.org/0000-0002-5570-9338",
      "@type": "Person",
      "name": "Vivek Bhardwaj"
    },
    {
      "@id": "https://orcid.org/0000-0002-9142-417X",
      "@type": "Person",
      "name": "Fidel Ramirez"
    },
    {
      "@id": "https://orcid.org/0009-0007-0755-3643",
      "@type": "Person",
      "name": "Leily Rabbani"
    },
    {
      "@id": "https://orcid.org/0000-0002-5192-126X",
      "@type": "Person",
      "name": "Pavankumar Videm"
    }
  ]
}