{
  "@context": "https://w3id.org/ro/crate/1.1/context",
  "@graph": [
    {
      "@id": "ro-crate-metadata.json",
      "@type": "CreativeWork",
      "about": {
        "@id": "./"
      },
      "conformsTo": [
        {
          "@id": "https://w3id.org/ro/crate/1.1"
        },
        {
          "@id": "https://about.workflowhub.eu/Workflow-RO-Crate/"
        }
      ]
    },
    {
      "@id": "./",
      "@type": "Dataset",
      "datePublished": "2024-04-09T11:18:29.297+00:00",
      "mainEntity": {
        "@id": "infinium-human-methylation-beadchip.ga"
      }
    },
    {
      "@id": "infinium-human-methylation-beadchip.ga",
      "@type": [
        "File",
        "SoftwareSourceCode",
        "ComputationalWorkflow"
      ],
      "author": [
        {
          "@id": "https://orcid.org/0009-0004-2454-5950"
        },
        {
          "@id": "https://orcid.org/0000-0001-5481-8893"
        },
        {
          "@id": "#e6bf5a4a-6cf8-41f7-a43f-1208b464e315"
        }
      ],
      "license": {
        "@id": "https://spdx.org/licenses/AGPL-3.0-or-later"
      },
      "name": "Infinium Human Methylation BeadChip",
      "version": 4,
      "programmingLanguage": {
        "@id": "https://w3id.org/workflowhub/workflow-ro-crate#galaxy"
      }
    },
    {
      "@id": "https://spdx.org/licenses/AGPL-3.0-or-later",
      "@type": "CreativeWork",
      "name": "AGPL-3.0-or-later"
    },
    {
      "@id": "https://w3id.org/workflowhub/workflow-ro-crate#galaxy",
      "@type": "ComputerLanguage",
      "identifier": {
        "@id": "https://galaxyproject.org/"
      },
      "name": "Galaxy",
      "url": {
        "@id": "https://galaxyproject.org/"
      },
      "version": "23.1"
    },
    {
      "@id": "https://orcid.org/0009-0004-2454-5950",
      "@type": "Person",
      "name": "Katarzyna Kamieniecka"
    },
    {
      "@id": "https://orcid.org/0000-0001-5481-8893",
      "@type": "Person",
      "name": "Khaled Jum'ah"
    },
    {
      "@id": "#e6bf5a4a-6cf8-41f7-a43f-1208b464e315",
      "@type": "Organization",
      "name": "poterlowicz-lab"
    }
  ]
}