{
  "@context": [
    "https://w3id.org/ro/crate/1.1/context"
  ],
  "@graph": [
    {
      "@id": "ro-crate-metadata.json",
      "@type": "CreativeWork",
      "about": {
        "@id": "https://training.galaxyproject.org/training-material/topics/introduction/tutorials/galaxy-intro-101-everyone/workflows/main_workflow.html"
      },
      "conformsTo": {
        "@id": "https://w3id.org/ro/crate/1.1"
      }
    },
    {
      "@id": "https://training.galaxyproject.org/training-material/topics/introduction/tutorials/galaxy-intro-101-everyone/workflows/main_workflow.html",
      "@type": "Dataset",
      "name": "GTN Training: Galaxy 101 For Everyone",
      "description": "introduction\n\n## Associated Tutorial\n\nThis workflows is part of the tutorial [Galaxy Basics for everyone](https://training.galaxyproject.org/training-material/topics/introduction/tutorials/galaxy-intro-101-everyone/tutorial.html), available in the [GTN](https://training.galaxyproject.org)\n\n## Features\n\n* Includes [Galaxy Workflow Tests](https://training.galaxyproject.org/training-material/faqs/gtn/workflow_run_test.html)\n\n## Thanks to...\n\n**Tutorial Author(s)**: [Anne Fouilloux](https://training.galaxyproject.org/training-material/hall-of-fame/annefou/), [Nadia Goué](https://training.galaxyproject.org/training-material/hall-of-fame/nagoue/), [Christopher Barnett](https://training.galaxyproject.org/training-material/hall-of-fame/chrisbarnettster/), [Michele Maroni](https://training.galaxyproject.org/training-material/hall-of-fame/michelemaroni/), [Olha Nahorna](https://training.galaxyproject.org/training-material/hall-of-fame/olanag1/), [Dave Clements](https://training.galaxyproject.org/training-material/hall-of-fame/tnabtaf/), [Saskia Hiltemann](https://training.galaxyproject.org/training-material/hall-of-fame/shiltemann/)\n\n**Tutorial Contributor(s)**: [Helena Rasche](https://training.galaxyproject.org/training-material/hall-of-fame/hexylena/), [Saskia Hiltemann](https://training.galaxyproject.org/training-material/hall-of-fame/shiltemann/), [Matthias Bernt](https://training.galaxyproject.org/training-material/hall-of-fame/bernt-matthias/), [Nicola Soranzo](https://training.galaxyproject.org/training-material/hall-of-fame/nsoranzo/), [Anne Fouilloux](https://training.galaxyproject.org/training-material/hall-of-fame/annefou/), [Michele Maroni](https://training.galaxyproject.org/training-material/hall-of-fame/michelemaroni/), [Martin Čech](https://training.galaxyproject.org/training-material/hall-of-fame/martenson/), [Jennifer Hillman-Jackson](https://training.galaxyproject.org/training-material/hall-of-fame/jennaj/), [Nadia Goué](https://training.galaxyproject.org/training-material/hall-of-fame/nagoue/), [Anthony Bretaudeau](https://training.galaxyproject.org/training-material/hall-of-fame/abretaud/), [Björn Grüning](https://training.galaxyproject.org/training-material/hall-of-fame/bgruening/), [Alex Ostrovsky](https://training.galaxyproject.org/training-material/hall-of-fame/astrovsky01/), [Mélanie Petera](https://training.galaxyproject.org/training-material/hall-of-fame/melpetera/), [Nate Coraor](https://training.galaxyproject.org/training-material/hall-of-fame/natefoo/), [David López](https://training.galaxyproject.org/training-material/hall-of-fame/davelopez/), [Bérénice Batut](https://training.galaxyproject.org/training-material/hall-of-fame/bebatut/)\n\n**Funder(s)**: [ELIXIR Europe](https://training.galaxyproject.org/training-material/hall-of-fame/elixir-europe/)\n\n[![gtn star logo followed by the word workflows](https://training.galaxyproject.org/training-material/assets/branding/gtn-workflows.png)](https://training.galaxyproject.org/training-material/)",
      "version": "8.0",
      "license": "https://spdx.org/licenses/CC-BY-4.0",
      "datePublished": "2024-12-03T12:16:53.076+00:00",
      "mainEntity": {
        "@id": "main-workflow.ga"
      },
      "hasPart": [
        {
          "@id": "main-workflow.ga"
        },
        {
          "@id": "graph.png"
        }
      ]
    },
    {
      "@id": "main-workflow.ga",
      "@type": [
        "File",
        "SoftwareSourceCode",
        "ComputationalWorkflow"
      ],
      "author": [

      ],
      "name": "GTN Training: Galaxy 101 For Everyone",
      "programmingLanguage": {
        "@id": "https://w3id.org/workflowhub/workflow-ro-crate#galaxy"
      },
      "image": {
        "@id": "graph.png"
      }
    },
    {
      "@id": "graph.png",
      "@type": [
        "File",
        "ImageObject",
        "WorkflowSketch"
      ],
      "contentSize": 48101
    },
    {
      "@id": "https://w3id.org/workflowhub/workflow-ro-crate#galaxy",
      "@type": "ComputerLanguage",
      "identifier": {
        "@id": "https://galaxyproject.org/"
      },
      "name": "Galaxy",
      "url": {
        "@id": "https://galaxyproject.org/"
      },
      "version": "23.1"
    }
  ]
}