{
  "@context": [
    "https://w3id.org/ro/crate/1.1/context"
  ],
  "@graph": [
    {
      "@id": "ro-crate-metadata.json",
      "@type": "CreativeWork",
      "about": {
        "@id": "https://training.galaxyproject.org/training-material/topics/sequence-analysis/tutorials/Manage_AB1_Sanger/workflows/Training-Sanger-sequences-CHD8.html"
      },
      "conformsTo": {
        "@id": "https://w3id.org/ro/crate/1.1"
      }
    },
    {
      "@id": "https://training.galaxyproject.org/training-material/topics/sequence-analysis/tutorials/Manage_AB1_Sanger/workflows/Training-Sanger-sequences-CHD8.html",
      "@type": "Dataset",
      "name": "Training Sanger sequences CHD8",
      "description": "## Associated Tutorial\n\nThis workflows is part of the tutorial [Clean and manage Sanger sequences from raw files to aligned consensus](https://training.galaxyproject.org/training-material/topics/sequence-analysis/tutorials/Manage_AB1_Sanger/tutorial.html), available in the [GTN](https://training.galaxyproject.org)\n\n## Features\n\n* Includes [Galaxy Workflow Tests](https://training.galaxyproject.org/training-material/faqs/gtn/workflow_run_test.html)\n\n## Thanks to...\n\n**Workflow Author(s)**: Coline Royaux\n\n**Tutorial Author(s)**: [Coline Royaux](https://training.galaxyproject.org/training-material/hall-of-fame/colineroyaux/)\n\n[![gtn star logo followed by the word workflows](https://training.galaxyproject.org/training-material/assets/branding/gtn-workflows.png)](https://training.galaxyproject.org/training-material/)",
      "version": "1.0",
      "license": "https://spdx.org/licenses/MIT",
      "datePublished": "2024-09-07T00:05:52.353+00:00",
      "mainEntity": {
        "@id": "training-sanger-sequences-chd8.ga"
      },
      "hasPart": [
        {
          "@id": "training-sanger-sequences-chd8.ga"
        },
        {
          "@id": "graph.png"
        }
      ]
    },
    {
      "@id": "training-sanger-sequences-chd8.ga",
      "@type": [
        "File",
        "SoftwareSourceCode",
        "ComputationalWorkflow"
      ],
      "author": [
        {
          "@id": "https://orcid.org/0000-0003-4308-5617"
        }
      ],
      "name": "Training Sanger sequences CHD8",
      "programmingLanguage": {
        "@id": "https://w3id.org/workflowhub/workflow-ro-crate#galaxy"
      },
      "image": {
        "@id": "graph.png"
      }
    },
    {
      "@id": "graph.png",
      "@type": [
        "File",
        "ImageObject",
        "WorkflowSketch"
      ],
      "contentSize": 0
    },
    {
      "@id": "https://w3id.org/workflowhub/workflow-ro-crate#galaxy",
      "@type": "ComputerLanguage",
      "identifier": {
        "@id": "https://galaxyproject.org/"
      },
      "name": "Galaxy",
      "url": {
        "@id": "https://galaxyproject.org/"
      },
      "version": "23.1"
    },
    {
      "@id": "https://orcid.org/0000-0003-4308-5617",
      "@type": "Person",
      "name": "Coline Royaux"
    }
  ]
}