{
  "@context": [
    "https://w3id.org/ro/crate/1.1/context"
  ],
  "@graph": [
    {
      "@id": "ro-crate-metadata.json",
      "@type": "CreativeWork",
      "about": {
        "@id": "https://training.galaxyproject.org/training-material/topics/assembly/tutorials/assembly-with-preprocessing/workflows/assembly_with_preprocessing.html"
      },
      "conformsTo": {
        "@id": "https://w3id.org/ro/crate/1.1"
      }
    },
    {
      "@id": "https://training.galaxyproject.org/training-material/topics/assembly/tutorials/assembly-with-preprocessing/workflows/assembly_with_preprocessing.html",
      "@type": "Dataset",
      "name": "assembly_with_preprocessing",
      "description": "Assembly with preprocessing\n\n## Associated Tutorial\n\nThis workflows is part of the tutorial [Unicycler assembly of SARS-CoV-2 genome with preprocessing to remove human genome reads](https://training.galaxyproject.org/training-material/topics/assembly/tutorials/assembly-with-preprocessing/tutorial.html), available in the [GTN](https://training.galaxyproject.org)\n\n\n\n\n\n## Thanks to...\n\n**Tutorial Author(s)**: [Wolfgang Maier](https://training.galaxyproject.org/training-material/hall-of-fame/wm75/)\n\n[![gtn star logo followed by the word workflows](https://training.galaxyproject.org/training-material/assets/branding/gtn-workflows.png)](https://training.galaxyproject.org/training-material/)",
      "version": "1.0",
      "license": "https://spdx.org/licenses/CC-BY-4.0",
      "datePublished": "2024-09-04T09:41:55.639+00:00",
      "mainEntity": {
        "@id": "assembly-with-preprocessing.ga"
      },
      "hasPart": [
        {
          "@id": "assembly-with-preprocessing.ga"
        },
        {
          "@id": "graph.png"
        }
      ]
    },
    {
      "@id": "assembly-with-preprocessing.ga",
      "@type": [
        "File",
        "SoftwareSourceCode",
        "ComputationalWorkflow"
      ],
      "author": [

      ],
      "name": "assembly_with_preprocessing",
      "programmingLanguage": {
        "@id": "https://w3id.org/workflowhub/workflow-ro-crate#galaxy"
      },
      "image": {
        "@id": "graph.png"
      }
    },
    {
      "@id": "graph.png",
      "@type": [
        "File",
        "ImageObject",
        "WorkflowSketch"
      ],
      "contentSize": 0
    },
    {
      "@id": "https://w3id.org/workflowhub/workflow-ro-crate#galaxy",
      "@type": "ComputerLanguage",
      "identifier": {
        "@id": "https://galaxyproject.org/"
      },
      "name": "Galaxy",
      "url": {
        "@id": "https://galaxyproject.org/"
      },
      "version": "23.1"
    }
  ]
}