{
  "@context": [
    "https://w3id.org/ro/crate/1.1/context"
  ],
  "@graph": [
    {
      "@id": "ro-crate-metadata.json",
      "@type": "CreativeWork",
      "about": {
        "@id": "https://training.galaxyproject.org/training-material/topics/evolution/tutorials/mtb_transmission/workflows/main_workflow.html"
      },
      "conformsTo": {
        "@id": "https://w3id.org/ro/crate/1.1"
      }
    },
    {
      "@id": "https://training.galaxyproject.org/training-material/topics/evolution/tutorials/mtb_transmission/workflows/main_workflow.html",
      "@type": "Dataset",
      "name": "From VCFs to SNP distance matrix",
      "description": "Given a set of VCF files and the reference genome used to do the mapping and SNP calling, create a multifasta file containing the genomes of all samples and calculate the matrix of pairwise SNP distances\n\n## Associated Tutorial\n\nThis workflows is part of the tutorial [Identifying tuberculosis transmission links: from SNPs to transmission clusters](https://training.galaxyproject.org/training-material/topics/evolution/tutorials/mtb_transmission/tutorial.html), available in the [GTN](https://training.galaxyproject.org)\n\n\n\n\n\n## Thanks to...\n\n**Tutorial Author(s)**: [Galo A. Goig](https://training.galaxyproject.org/training-material/hall-of-fame/GaloGS/), [Daniela Brites](https://training.galaxyproject.org/training-material/hall-of-fame/dbrites/), [Christoph Stritt](https://training.galaxyproject.org/training-material/hall-of-fame/cstritt/)\n\n**Tutorial Contributor(s)**: [Wolfgang Maier](https://training.galaxyproject.org/training-material/hall-of-fame/wm75/)\n\n[![gtn star logo followed by the word workflows](https://training.galaxyproject.org/training-material/assets/branding/gtn-workflows.png)](https://training.galaxyproject.org/training-material/)",
      "version": "1.0",
      "license": "https://spdx.org/licenses/CC-BY-4.0",
      "datePublished": "2024-10-01T15:06:47.766+00:00",
      "mainEntity": {
        "@id": "main-workflow.ga"
      },
      "hasPart": [
        {
          "@id": "main-workflow.ga"
        },
        {
          "@id": "graph.png"
        }
      ]
    },
    {
      "@id": "main-workflow.ga",
      "@type": [
        "File",
        "SoftwareSourceCode",
        "ComputationalWorkflow"
      ],
      "author": [

      ],
      "name": "From VCFs to SNP distance matrix",
      "programmingLanguage": {
        "@id": "https://w3id.org/workflowhub/workflow-ro-crate#galaxy"
      },
      "image": {
        "@id": "graph.png"
      }
    },
    {
      "@id": "graph.png",
      "@type": [
        "File",
        "ImageObject",
        "WorkflowSketch"
      ],
      "contentSize": 0
    },
    {
      "@id": "https://w3id.org/workflowhub/workflow-ro-crate#galaxy",
      "@type": "ComputerLanguage",
      "identifier": {
        "@id": "https://galaxyproject.org/"
      },
      "name": "Galaxy",
      "url": {
        "@id": "https://galaxyproject.org/"
      },
      "version": "23.1"
    }
  ]
}