{
  "@context": "https://w3id.org/ro/crate/1.1/context",
  "@graph": [
    {
      "@id": "ro-crate-metadata.json",
      "@type": "CreativeWork",
      "about": {
        "@id": "./"
      },
      "conformsTo": [
        {
          "@id": "https://w3id.org/ro/crate/1.1"
        },
        {
          "@id": "https://about.workflowhub.eu/Workflow-RO-Crate/"
        }
      ]
    },
    {
      "@id": "./",
      "@type": "Dataset",
      "datePublished": "2024-06-11T06:13:37.025+00:00",
      "mainEntity": {
        "@id": "main_workflow.ga"
      }
    },
    {
      "@id": "main_workflow.ga",
      "@type": [
        "File",
        "SoftwareSourceCode",
        "ComputationalWorkflow"
      ],
      "author": [
        {
          "@id": "#2cf1b6b8-1e1d-41a4-b837-4b8e93727fbf"
        },
        {
          "@id": "#ab4e153f-1569-4b39-b08b-d58dc1bb284e"
        },
        {
          "@id": "#588b44c3-3243-4202-ad80-076b5ff336a8"
        },
        {
          "@id": "#742e06db-1592-446d-9323-7c59b4648e8d"
        }
      ],
      "license": {
        "@id": "https://spdx.org/licenses/GPL-3.0-or-later"
      },
      "name": "Genome Assembly using PacBio data",
      "version": 4,
      "programmingLanguage": {
        "@id": "https://w3id.org/workflowhub/workflow-ro-crate#galaxy"
      }
    },
    {
      "@id": "https://spdx.org/licenses/GPL-3.0-or-later",
      "@type": "CreativeWork",
      "name": "GPL-3.0-or-later"
    },
    {
      "@id": "https://w3id.org/workflowhub/workflow-ro-crate#galaxy",
      "@type": "ComputerLanguage",
      "identifier": {
        "@id": "https://galaxyproject.org/"
      },
      "name": "Galaxy",
      "url": {
        "@id": "https://galaxyproject.org/"
      },
      "version": "23.1"
    },
    {
      "@id": "#2cf1b6b8-1e1d-41a4-b837-4b8e93727fbf",
      "@type": "Person",
      "name": "Erwan Corre"
    },
    {
      "@id": "#ab4e153f-1569-4b39-b08b-d58dc1bb284e",
      "@type": "Person",
      "name": "Stéphanie Robin"
    },
    {
      "@id": "#588b44c3-3243-4202-ad80-076b5ff336a8",
      "@type": "Person",
      "name": "Anthony Bretaudeau"
    },
    {
      "@id": "#742e06db-1592-446d-9323-7c59b4648e8d",
      "@type": "Person",
      "name": "Alexandre Cormier"
    }
  ]
}