{
  "@context": "https://w3id.org/ro/crate/1.1/context",
  "@graph": [
    {
      "@id": "ro-crate-metadata.json",
      "@type": "CreativeWork",
      "about": {
        "@id": "./"
      },
      "conformsTo": [
        {
          "@id": "https://w3id.org/ro/crate/1.1"
        },
        {
          "@id": "https://about.workflowhub.eu/Workflow-RO-Crate/"
        }
      ]
    },
    {
      "@id": "./",
      "@type": "Dataset",
      "datePublished": "2024-06-05T15:41:40.512+00:00",
      "mainEntity": {
        "@id": "main_workflow.ga"
      }
    },
    {
      "@id": "main_workflow.ga",
      "@type": [
        "File",
        "SoftwareSourceCode",
        "ComputationalWorkflow"
      ],
      "author": [
        {
          "@id": "#138143f3-0c0b-4dda-b335-7c9c21c6b826"
        },
        {
          "@id": "#1c73440c-0289-48f7-86c2-21cfbee10e72"
        },
        {
          "@id": "#6543c0f0-dcc8-4296-b01e-7cad49081796"
        },
        {
          "@id": "#cde6d369-7b83-4983-93ea-61b0bd69bb8b"
        }
      ],
      "license": {
        "@id": "https://spdx.org/licenses/GPL-3.0-or-later"
      },
      "name": "Genome Assembly using PacBio data",
      "version": 4,
      "programmingLanguage": {
        "@id": "https://w3id.org/workflowhub/workflow-ro-crate#galaxy"
      }
    },
    {
      "@id": "https://spdx.org/licenses/GPL-3.0-or-later",
      "@type": "CreativeWork",
      "name": "GPL-3.0-or-later"
    },
    {
      "@id": "https://w3id.org/workflowhub/workflow-ro-crate#galaxy",
      "@type": "ComputerLanguage",
      "identifier": {
        "@id": "https://galaxyproject.org/"
      },
      "name": "Galaxy",
      "url": {
        "@id": "https://galaxyproject.org/"
      },
      "version": "23.1"
    },
    {
      "@id": "#138143f3-0c0b-4dda-b335-7c9c21c6b826",
      "@type": "Person",
      "name": "Erwan Corre"
    },
    {
      "@id": "#1c73440c-0289-48f7-86c2-21cfbee10e72",
      "@type": "Person",
      "name": "Stéphanie Robin"
    },
    {
      "@id": "#6543c0f0-dcc8-4296-b01e-7cad49081796",
      "@type": "Person",
      "name": "Anthony Bretaudeau"
    },
    {
      "@id": "#cde6d369-7b83-4983-93ea-61b0bd69bb8b",
      "@type": "Person",
      "name": "Alexandre Cormier"
    }
  ]
}