{
  "@context": [
    "https://w3id.org/ro/crate/1.1/context"
  ],
  "@graph": [
    {
      "@id": "ro-crate-metadata.json",
      "@type": "CreativeWork",
      "about": {
        "@id": "https://training.galaxyproject.org/training-material/topics/assembly/tutorials/largegenome/workflows/Galaxy-Workflow-Racon_polish_with_Illumina_reads_x2.html"
      },
      "conformsTo": {
        "@id": "https://w3id.org/ro/crate/1.1"
      }
    },
    {
      "@id": "https://training.galaxyproject.org/training-material/topics/assembly/tutorials/largegenome/workflows/Galaxy-Workflow-Racon_polish_with_Illumina_reads_x2.html",
      "@type": "Dataset",
      "name": "Racon polish with Illumina reads (R1 only), x2 - upgraded",
      "description": "## Associated Tutorial\n\nThis workflows is part of the tutorial [Racon polish with Illumina reads (R1 only), x2 - upgraded](https://training.galaxyproject.org/training-material/topics/assembly/tutorials/largegenome/tutorial.html), available in the [GTN](https://training.galaxyproject.org)\n\n\n\n\n\n## Thanks to...\n\n**Tutorial Author(s)**: [Anna Syme](https://training.galaxyproject.org/training-material/hall-of-fame/annasyme/)\n\n**Workflow Author(s)**: Anna Syme\n\n[![gtn star logo followed by the word workflows](http://galaxy-training.s3-website.us-east-1.amazonaws.com/misc/gtn-workflows.png)](https://training.galaxyproject.org/training-material/)",
      "version": "4.0",
      "license": "https://spdx.org/licenses/GPL-3.0-or-later",
      "datePublished": "2024-07-08T12:48:40.206+00:00",
      "mainEntity": {
        "@id": "galaxy-workflow-racon-polish-with-illumina-reads-x2.ga"
      },
      "hasPart": [
        {
          "@id": "galaxy-workflow-racon-polish-with-illumina-reads-x2.ga"
        },
        {
          "@id": "graph.png"
        }
      ]
    },
    {
      "@id": "galaxy-workflow-racon-polish-with-illumina-reads-x2.ga",
      "@type": [
        "File",
        "SoftwareSourceCode",
        "ComputationalWorkflow"
      ],
      "author": [
        {
          "@id": "https://orcid.org/0000-0002-9906-0673"
        }
      ],
      "name": "Racon polish with Illumina reads (R1 only), x2 - upgraded",
      "programmingLanguage": {
        "@id": "https://w3id.org/workflowhub/workflow-ro-crate#galaxy"
      },
      "image": {
        "@id": "graph.png"
      }
    },
    {
      "@id": "graph.png",
      "@type": [
        "File",
        "ImageObject",
        "WorkflowSketch"
      ],
      "contentSize": 0
    },
    {
      "@id": "https://w3id.org/workflowhub/workflow-ro-crate#galaxy",
      "@type": "ComputerLanguage",
      "identifier": {
        "@id": "https://galaxyproject.org/"
      },
      "name": "Galaxy",
      "url": {
        "@id": "https://galaxyproject.org/"
      },
      "version": "23.1"
    },
    {
      "@id": "https://orcid.org/0000-0002-9906-0673",
      "@type": "Person",
      "name": "Anna Syme"
    }
  ]
}