{
  "@context": "https://w3id.org/ro/crate/1.1/context",
  "@graph": [
    {
      "@id": "ro-crate-metadata.json",
      "@type": "CreativeWork",
      "about": {
        "@id": "./"
      },
      "conformsTo": [
        {
          "@id": "https://w3id.org/ro/crate/1.1"
        },
        {
          "@id": "https://about.workflowhub.eu/Workflow-RO-Crate/"
        }
      ]
    },
    {
      "@id": "./",
      "@type": "Dataset",
      "datePublished": "2024-06-24T07:51:12.715+00:00",
      "mainEntity": {
        "@id": "main_workflow.ga"
      }
    },
    {
      "@id": "main_workflow.ga",
      "@type": [
        "File",
        "SoftwareSourceCode",
        "ComputationalWorkflow"
      ],
      "author": [
        {
          "@id": "#3de462ee-2f6a-46ba-84c4-4997690ac3f6"
        },
        {
          "@id": "#c14b59cf-a484-4d02-a949-f1a0fbdffc2b"
        },
        {
          "@id": "#718953a7-2b24-4a92-8ec7-252b565d6445"
        },
        {
          "@id": "#3195a0cf-b554-4235-8988-cae2cb120a4e"
        }
      ],
      "license": {
        "@id": "https://spdx.org/licenses/GPL-3.0-or-later"
      },
      "name": "Genome Assembly using PacBio data",
      "version": 4,
      "programmingLanguage": {
        "@id": "https://w3id.org/workflowhub/workflow-ro-crate#galaxy"
      }
    },
    {
      "@id": "https://spdx.org/licenses/GPL-3.0-or-later",
      "@type": "CreativeWork",
      "name": "GPL-3.0-or-later"
    },
    {
      "@id": "https://w3id.org/workflowhub/workflow-ro-crate#galaxy",
      "@type": "ComputerLanguage",
      "identifier": {
        "@id": "https://galaxyproject.org/"
      },
      "name": "Galaxy",
      "url": {
        "@id": "https://galaxyproject.org/"
      },
      "version": "23.1"
    },
    {
      "@id": "#3de462ee-2f6a-46ba-84c4-4997690ac3f6",
      "@type": "Person",
      "name": "Erwan Corre"
    },
    {
      "@id": "#c14b59cf-a484-4d02-a949-f1a0fbdffc2b",
      "@type": "Person",
      "name": "Stéphanie Robin"
    },
    {
      "@id": "#718953a7-2b24-4a92-8ec7-252b565d6445",
      "@type": "Person",
      "name": "Anthony Bretaudeau"
    },
    {
      "@id": "#3195a0cf-b554-4235-8988-cae2cb120a4e",
      "@type": "Person",
      "name": "Alexandre Cormier"
    }
  ]
}