{
  "@context": [
    "https://w3id.org/ro/crate/1.1/context"
  ],
  "@graph": [
    {
      "@id": "ro-crate-metadata.json",
      "@type": "CreativeWork",
      "about": {
        "@id": "https://training.galaxyproject.org/training-material/topics/ecology/tutorials/x-array-map-plot/workflows/main-workflow.html"
      },
      "conformsTo": {
        "@id": "https://w3id.org/ro/crate/1.1"
      }
    },
    {
      "@id": "https://training.galaxyproject.org/training-material/topics/ecology/tutorials/x-array-map-plot/workflows/main-workflow.html",
      "@type": "Dataset",
      "name": "Xarray_Map_Plotting_Workflow",
      "description": "Visualization of Climate Data using NetCDF Xarray Map Plotting\n\n## Associated Tutorial\n\nThis workflows is part of the tutorial [Visualization of Climate Data using  NetCDF xarray Map Plotting](https://training.galaxyproject.org/training-material/topics/ecology/tutorials/x-array-map-plot/tutorial.html), available in the [GTN](https://training.galaxyproject.org)\n\n\n\n\n\n## Thanks to...\n\n**Workflow Author(s)**: Soumya Jha\n\n**Tutorial Author(s)**: [Soumya Jha](https://training.galaxyproject.org/training-material/hall-of-fame/Quickbeasts51429/)\n\n[![gtn star logo followed by the word workflows](https://training.galaxyproject.org/training-material/assets/branding/gtn-workflows.png)](https://training.galaxyproject.org/training-material/)",
      "version": "1.0",
      "license": "https://spdx.org/licenses/MIT",
      "datePublished": "2024-09-25T09:12:45.509+00:00",
      "mainEntity": {
        "@id": "main-workflow.ga"
      },
      "hasPart": [
        {
          "@id": "main-workflow.ga"
        },
        {
          "@id": "graph.png"
        }
      ]
    },
    {
      "@id": "main-workflow.ga",
      "@type": [
        "File",
        "SoftwareSourceCode",
        "ComputationalWorkflow"
      ],
      "author": [
        {
          "@id": "https://orcid.org/Quickbeasts51429"
        }
      ],
      "name": "Xarray_Map_Plotting_Workflow",
      "programmingLanguage": {
        "@id": "https://w3id.org/workflowhub/workflow-ro-crate#galaxy"
      },
      "image": {
        "@id": "graph.png"
      }
    },
    {
      "@id": "graph.png",
      "@type": [
        "File",
        "ImageObject",
        "WorkflowSketch"
      ],
      "contentSize": 0
    },
    {
      "@id": "https://w3id.org/workflowhub/workflow-ro-crate#galaxy",
      "@type": "ComputerLanguage",
      "identifier": {
        "@id": "https://galaxyproject.org/"
      },
      "name": "Galaxy",
      "url": {
        "@id": "https://galaxyproject.org/"
      },
      "version": "23.1"
    },
    {
      "@id": "https://orcid.org/Quickbeasts51429",
      "@type": "Person",
      "name": "Soumya Jha"
    }
  ]
}